Data,ETH,BNB,SOL,AVAX,TIA,OM,NEAR,SEI,ARB,GMX,FLOKI,MANTA,FET,NOT,ATH,GALA,VENOM,FOXY,SHRAP,COREUM,ASTER,FITFI,UOS,BRISE,NATIX,SOIL,SENATE,MUBI,LUNC,TOKEN,GNS,RSR,WOO,AXS,L3,MORE,RIZ,LINGO,LUMIA,ZEUS,SIDUS,MLC,CARV,MXNA,0g,BLUAI
08/09/2025,4304.03,879.44,215.77,25.6,1.73,0.2149,2.561,0.308,0.5073,14.47,9.774e-05,0.2059,0.651,0.001985,0.04138119,0.01695211,0.151454,0.00260299,0.00369467,0.13534,0.073,0.0014,0.036,5.3e-08,0.00075,0.2088,0.00766,0.00338,5.9e-05,0.0125,2.22,0.0076,0.069,2.492,0.03721402,0.1,0.002,0.027,0.31,0.13,0.00052468,0.32,0.29,0.0025,,
09/09/2025,4309.6857,879.46,215.75,25.61,1.732,0.215,2.562,0.3085,0.5077,14.47,9.792e-05,0.2061,0.652,0.001986,0.04138119,0.01695211,0.151454,0.00260299,0.00369467,0.13534,0.073,0.0014,0.036,5.3e-08,0.00075,0.2088,0.00766,0.00338,5.9e-05,0.0125,2.22,0.0076,0.069,2.493,0.03721402,0.1,0.002,0.027,0.31,0.13,0.00052468,0.32,0.29,0.0025,,
10/09/2025,4309.3427,878.23,215.95,25.99,1.804,0.2133,2.65,0.3073,0.5156,14.52,9.603e-05,0.2036,0.644,0.001977,0.0431984,0.01679028,0.149358,0.00257849,0.0036814,0.13534,0.073,0.0014,0.036,5.3e-08,0.00075,0.2088,0.00766,0.00338,5.9e-05,0.0125,2.223,0.007642,0.069,2.473,0.03721402,0.1,0.002,0.027,0.31,0.13,0.00052468,0.32,0.29,0.0025,,
11/09/2025,4347.4768,897.1,222.84,28.95,1.776,0.2185,2.707,0.3202,0.5161,15.01,9.783e-05,0.2073,0.659,0.001989,0.0431885,0.01731395,0.14813,0.00268855,0.00395908,0.13534,0.073,0.0014,0.036,5.3e-08,0.00075,0.2088,0.00766,0.00338,5.9e-05,0.0125,2.334,0.007761,0.069,2.56,0.03721402,0.1,0.002,0.027,0.31,0.13,0.00052468,0.390313,0.311283,0.00306945,,
12/09/2025,4459.319,895.85,227.0,28.93,1.769,0.2131,2.709,0.3224,0.5182,14.93,9.7e-05,0.2035,0.661,0.00199,0.0463271,0.01717431,0.152637,0.00244656,0.00368828,0.137568,0.092203,0.00140252,0.03687309,5.759e-08,0.00072496,0.195091,0.00756908,0.003247,6.032e-05,0.01402938,2.356,0.007911,0.06911,2.507,0.03627028,0.098346,0.00173763,0.0269593,0.332774,0.138534,0.0005681,0.398027,0.30687,0.00315171,,
13/09/2025,4708.8417,924.58,241.54,28.64,1.838,0.2205,2.777,0.3425,0.5444,15.12,0.00010436,0.2196,0.68,0.001986,0.054875,0.01800921,0.160555,0.00234218,0.00378296,0.140097,0.091849,0.00142534,0.03710515,5.8666e-08,0.00074078,0.202965,0.00768467,0.00331925,6.097e-05,0.01479719,2.392,0.008118,0.071696,2.625,0.03755112,0.095992,0.00173736,0.02704032,0.342945,0.153249,0.00057606,0.399645,0.324207,0.00309283,,
14/09/2025,4667.6997,942.63,240.43,29.98,1.874,0.2233,2.84,0.3477,0.5487,15.54,0.00010814,0.2248,0.691,0.002018,0.053992,0.01850569,0.156715,0.00238792,0.00382519,0.144779,0.095364,0.0014676,0.04171846,5.8767e-08,0.00072604,0.214973,0.00810903,0.00375156,6.198e-05,0.01530194,2.48,0.008185,0.075058,2.671,0.03797178,0.096033,0.00181531,0.0270456,0.346181,0.157634,0.00060657,0.402874,0.321437,0.00347143,,
15/09/2025,4609.7861,928.97,245.39,29.71,1.778,0.2173,2.711,0.333,0.5161,15.22,0.00010186,0.2165,0.66,0.001914,0.060728,0.01748128,0.150628,0.00247359,0.00374903,0.137278,0.097591,0.00147841,0.03934642,5.7298e-08,0.00076795,0.229108,0.00792489,0.00348,6.021e-05,0.01441081,2.375,0.00772,0.071087,2.55,0.03763781,0.095886,0.00181796,0.02703431,0.335094,0.151126,0.00064442,0.398583,0.309681,0.00331465,,
16/09/2025,4524.2449,920.04,233.12,28.8,1.679,0.2033,2.608,0.3156,0.4899,14.9,9.459e-05,0.2041,0.636,0.001857,0.063344,0.0165545,0.149287,0.00238326,0.00363439,0.140782,0.096815,0.00140906,0.03802461,5.7741e-08,0.0007631,0.203181,0.00750192,0.00323435,5.828e-05,0.01343159,2.247,0.007369,0.066802,2.409,0.0359838,0.085578,0.00177323,0.02676902,0.312448,0.130494,0.00060707,0.401906,0.29573,0.00341412,,
17/09/2025,4504.2666,954.94,237.94,30.11,1.713,0.2121,2.706,0.3179,0.4967,15.32,9.743e-05,0.2159,0.643,0.00189,0.065467,0.01704332,0.149841,0.00232944,0.00359368,0.140411,0.095913,0.00142197,0.0370673,6.0605e-08,0.00094685,0.209851,0.00753806,0.00349758,6.062e-05,0.01397903,2.289,0.00751,0.069094,2.48,0.03545325,0.088172,0.00177002,0.0260057,0.331514,0.133045,0.00069236,0.437495,0.306103,0.00372334,,
18/09/2025,4591.7688,950.59,234.44,29.65,1.696,0.2098,2.695,0.3114,0.4913,15.08,9.622e-05,0.212,0.638,0.001861,0.063025,0.01691912,0.154202,0.00222674,0.00354563,0.135548,0.177115,0.00139819,0.03740384,5.9501e-08,0.00080561,0.191921,0.0081229,0.00346111,5.936e-05,0.0133684,2.223,0.007303,0.067552,2.417,0.03396554,0.087089,0.00172455,0.02567067,0.330719,0.126969,0.00064609,0.435051,0.305792,0.00476276,,
19/09/2025,4590.6367,987.95,247.54,35.33,1.818,0.2198,3.188,0.3423,0.5254,15.94,0.0001019,0.2234,0.676,0.001939,0.064222,0.01845138,0.15084,0.00231616,0.00379508,0.143536,0.631138,0.00142015,0.03736202,6.1057e-08,0.00079492,0.181107,0.0077867,0.00347847,6.16e-05,0.01445345,2.282,0.0079,0.073215,2.593,0.03530089,0.088839,0.00171527,0.02490135,0.349235,0.138423,0.00060217,0.513012,0.320329,0.00398096,,
20/09/2025,4470.4795,980.02,237.02,33.67,1.719,0.2109,3.129,0.3213,0.4903,15.16,9.617e-05,0.2107,0.646,0.001852,0.061843,0.01724597,0.151689,0.002213,0.00364769,0.138847,0.805083,0.00140494,0.03701421,5.8827e-08,0.00076879,0.174722,0.0073265,0.00337057,5.946e-05,0.01348883,2.133,0.00737,0.067392,2.447,0.03418586,0.08475,0.00173512,0.02469806,0.329067,0.128633,0.00054735,0.511773,0.303138,0.00538896,,
21/09/2025,4481.7994,1020.12,240.82,33.91,1.74,0.2132,3.252,0.3242,0.4995,16.02,9.865e-05,0.2177,0.652,0.001864,0.061821,0.01774407,0.145142,0.00225688,0.00370693,0.136021,1.27,0.00141281,0.03746007,6.0113e-08,0.00078644,0.176738,0.0073103,0.00331562,6.025e-05,0.01377271,2.182,0.007455,0.070492,2.47,0.03493943,0.087518,0.00170946,0.0245727,0.334587,0.13134,0.00059426,0.511868,0.31043,0.0058184,,
22/09/2025,4452.8711,1040.32,239.91,33.38,1.732,0.2129,3.172,0.3205,0.4953,16.12,9.752e-05,0.2172,0.644,0.001858,0.061679,0.01764315,0.140288,0.00227413,0.00371548,0.136112,1.55,0.00141079,0.03749525,6.1114e-08,0.00079952,0.175279,0.00731281,0.00331014,5.994e-05,0.013869,2.171,0.007376,0.07168,2.443,0.03471281,0.09077,0.00175971,0.02457818,0.334178,0.129393,0.0005909,0.496554,0.307517,0.00509279,,
23/09/2025,4199.95177,988.6,220.61,32.88,1.498,0.1733,2.957,0.2888,0.4366,14.7,8.51e-05,0.1858,0.596,0.001623,0.060644,0.01521365,0.119497,0.00212153,0.00333259,0.136965,1.56,0.00121869,0.03309942,5.3341e-08,0.00077996,0.171608,0.00650202,0.00315387,5.565e-05,0.01201106,1.915,0.006198,0.06692,2.202,0.02992874,0.084938,0.00167839,0.02363959,0.289274,0.122286,0.00052882,0.46892,0.29364,0.00498922,,
24/09/2025,4166.1905,1015.23,216.72,34.36,1.471,0.169,3.006,0.2912,0.4342,16.5,8.555e-05,0.1869,0.592,0.001656,0.057639,0.0152989,0.124647,0.00210442,0.00323386,0.137016,2.05,0.00121944,0.03319044,5.415e-08,0.0007566,0.171247,0.00619549,0.00313923,5.57e-05,0.01197847,1.82,0.006029,0.065145,2.216,0.02984928,0.08553,0.00165637,0.02185725,0.293898,0.128983,0.0005333,0.434393,0.29228,0.00549361,,
25/09/2025,4148.6568,1015.89,214.02,34.58,1.464,0.1736,3.074,0.2956,0.4352,18.08,8.621e-05,0.188,0.595,0.001646,0.06271,0.01542565,0.139855,0.00204775,0.00328669,0.136223,2.27,0.00121287,0.03297592,5.2855e-08,0.00074819,0.176058,0.00580751,0.00309215,5.558e-05,0.01221882,1.882,0.006029,0.066829,2.233,0.02929389,0.085081,0.0016578,0.02114798,0.300135,0.133851,0.00051322,0.475581,0.293883,0.00599682,5.12,
26/09/2025,3863.0633,960.05,195.63,29.13,1.345,0.1566,2.788,0.2671,0.4018,16.02,7.878e-05,0.1694,0.556,0.001507,0.055794,0.01412657,0.133287,0.00167666,0.00291987,0.131423,1.85,0.00117809,0.03145697,4.7375e-08,0.00070762,0.16935,0.00419198,0.00278007,5.241e-05,0.01129932,1.717,0.005474,0.059192,2.034,0.02846907,0.078211,0.00165352,0.02035852,0.274318,0.124775,0.00047315,0.414394,0.27238,0.00740022,3.83,
27/09/2025,4037.0979,939.93,194.64,27.3,1.393,0.1608,2.688,0.2743,0.413,16.1,8.132e-05,0.1726,0.565,0.00156,0.060958,0.01427896,0.136036,0.00170125,0.00296867,0.130298,1.91,0.0011444,0.03178697,4.7532e-08,0.00069169,0.165462,0.00355661,0.00277258,5.327e-05,0.01144488,1.771,0.005513,0.059596,2.08,0.02845372,0.074236,0.00158792,0.02020509,0.275121,0.114676,0.00048031,0.416758,0.269536,0.00645327,3.39,
28/09/2025,4018.1675,972.18,202.56,28.73,1.402,0.1645,2.718,0.2792,0.4244,16.43,8.253e-05,0.1778,0.578,0.001573,0.061793,0.01458722,0.138195,0.00174975,0.0031167,0.129817,2.0,0.00150335,0.03168392,4.9358e-08,0.00069651,0.165744,0.00431687,0.00289365,5.467e-05,0.01171265,1.804,0.00555,0.061145,2.169,0.02888391,0.07477,0.00157932,0.02010814,0.280448,0.114026,0.00048538,0.43437,0.274634,0.00664852,3.97,
29/09/2025,4141.8397,972.57,199.88,28.45,1.395,0.165,2.689,0.2723,0.4148,15.88,8.021e-05,0.1742,0.566,0.001548,0.061615,0.01429356,0.139351,0.00174979,0.00302501,0.129588,1.74,0.00115954,0.03140776,4.9367e-08,0.00068256,0.161281,0.00411093,0.00286276,5.386e-05,0.01187421,1.771,0.005503,0.069281,2.101,0.02842579,0.076414,0.00160986,0.0202163,0.273626,0.104487,0.00049111,0.407073,0.268845,0.00749228,3.57,
30/09/2025,4215.6128,1028.13,214.25,30.68,1.43,0.1682,2.811,0.2829,0.423,16.58,8.367e-05,0.1809,0.581,0.001554,0.056667,0.01474354,0.140156,0.00182242,0.00310515,0.125946,1.88,0.0011875,0.03141098,5.1047e-08,0.00067,0.156019,0.00432709,0.00298568,5.507e-05,0.01213201,1.9,0.005792,0.071172,2.172,0.02942697,0.078286,0.00161077,0.02041386,0.287102,0.102873,0.00055218,0.424079,0.265318,0.00802664,2.97,
01/10/2025,4144.2304,999.9,205.5,28.96,1.346,0.1605,2.575,0.2689,0.4064,15.28,7.805e-05,0.1721,0.557,0.00147,0.0472785,0.01403185,0.134971,0.00173797,0.00297013,0.127222,1.75,0.00112855,0.0308757,4.8939e-08,0.00064997,0.150319,0.00426118,0.00279786,5.317e-05,0.01164169,1.794,0.005529,0.065221,2.04,0.02829888,0.075774,0.00157914,0.02020802,0.274779,0.10155,0.00054203,0.400124,0.242751,0.00945248,2.48,
02/10/2025,4343.9519,1022.5,219.18,30.62,1.446,0.1749,2.825,0.2965,0.4351,15.64,8.494e-05,0.1862,0.592,0.001603,0.052306,0.01533394,0.135778,0.00177641,0.00309586,0.127096,1.53,0.0011847,0.03150687,5.0361e-08,0.00074151,0.157434,0.00462972,0.00272033,5.588e-05,0.01254764,1.917,0.00648,0.067293,2.224,0.02915297,0.070358,0.00157469,0.02024567,0.294917,0.112276,0.00058028,0.402724,0.258116,0.00837731,2.74,
03/10/2025,4484.0062,1074.41,232.51,31.03,1.513,0.1777,2.95,0.3011,0.4557,15.81,8.88e-05,0.1956,0.614,0.00164,0.052055,0.01636505,0.135134,0.00187224,0.00324372,0.130022,1.44,0.00115336,0.03227221,5.3196e-08,0.00078382,0.148012,0.00488056,0.00294642,5.76e-05,0.01322515,1.977,0.006843,0.075783,2.296,0.03061279,0.070103,0.00158973,0.0202794,0.304404,0.119019,0.00057706,0.41503,0.263087,0.00951542,2.72,
04/10/2025,4515.7591,1090.52,233.04,30.94,1.504,0.1771,2.972,0.2988,0.4509,15.63,8.75e-05,0.1934,0.606,0.001637,0.051436,0.01618533,0.134093,0.00186012,0.00330918,0.130023,1.83,0.00115038,0.03266665,5.3778e-08,0.00080066,0.1482,0.00496687,0.00294615,5.749e-05,0.01310589,1.967,0.006661,0.073526,2.277,0.03054706,0.070608,0.00159026,0.02031935,0.300163,0.118562,0.00059369,0.405242,0.262417,0.00960965,2.73,
05/10/2025,4487.7067,1147.58,227.72,30.09,1.473,0.1704,2.927,0.2877,0.4325,15.32,0.00010327,0.1869,0.583,0.001595,0.052497,0.01576642,0.134752,0.00207339,0.00363878,0.122232,2.12,0.00116064,0.0295003,5.4353e-08,0.00079049,0.147157,0.00515,0.00286589,5.582e-05,0.0131231,1.849,0.006479,0.072487,2.202,0.03362483,0.070694,0.00164906,0.02028787,0.289329,0.113458,0.00057914,0.38956,0.262015,0.00933568,2.96,
06/10/2025,4515.3214,1158.4,230.26,30.24,1.51,0.1769,3.022,0.2962,0.4442,15.21,0.00010249,0.1922,0.596,0.001619,0.054305,0.01604773,0.132028,0.0022914,0.00359857,0.120716,1.85,0.00117625,0.03149165,5.3114e-08,0.00077551,0.149345,0.00487281,0.00289857,5.624e-05,0.01326732,1.844,0.006493,0.071848,2.246,0.03298278,0.069788,0.00165293,0.02022962,0.291975,0.116613,0.00059042,0.384098,0.26629,0.00828167,2.98,
07/10/2025,4689.1317,1226.34,233.52,30.65,1.551,0.1769,3.056,0.3031,0.4596,14.8,0.00010272,0.1981,0.588,0.001636,0.056847,0.01652884,0.133257,0.00233097,0.00354041,0.120961,2.08,0.00118589,0.03192218,5.457e-08,0.0007773,0.155268,0.00488519,0.00298269,5.651e-05,0.01358086,1.871,0.006527,0.074137,2.322,0.03232506,0.066192,0.00167705,0.02030906,0.291753,0.120878,0.00060067,0.411497,0.267991,0.01069014,3.06,
08/10/2025,4454.3285,1313.0,224.1,28.42,1.478,0.1695,2.977,0.2911,0.4306,14.4,0.00010222,0.1835,0.562,0.00157,0.055439,0.01559224,0.133252,0.0022292,0.00357238,0.114336,2.11,0.00113609,0.03005511,5.479e-08,0.00075215,0.1501,0.00463649,0.00278589,5.4e-05,0.01295456,1.77,0.00602,0.069397,2.177,0.03136503,0.02921838,0.00201975,0.02044153,0.272963,0.117733,0.00056652,0.392847,0.253993,0.0119839,2.88,
09/10/2025,4527.578,1274.35,219.07,27.97,1.435,0.166,2.93,0.2817,0.4196,14.3,9.661e-05,0.1788,0.555,0.001533,0.052552,0.01518791,0.12883,0.00224735,0.00353312,0.111778,1.92,0.00112548,0.03056009,5.3838e-08,0.00075439,0.146465,0.00466986,0.00274097,5.301e-05,0.01255226,1.75,0.005922,0.066307,2.125,0.02991958,0.02295396,0.00202516,0.02093158,0.268345,0.117519,0.00056472,0.396391,0.248049,0.0136225,2.8,
10/10/2025,4368.6494,1246.91,218.66,28.04,1.429,0.1609,2.852,0.2774,0.4146,13.76,9.304e-05,0.1792,0.493,0.001546,0.053616,0.01524419,0.128047,0.00202711,0.00338047,0.107117,1.68,0.00111519,0.02931734,4.9345e-08,0.00067982,0.135548,0.00454413,0.0026385,5.343e-05,0.01213519,1.684,0.005869,0.066638,2.185,0.02953883,0.03471566,0.00198268,0.02301034,0.259427,0.115485,0.00055858,0.448767,0.242381,0.00987445,2.55,
11/10/2025,3835.6328,1102.04,184.1,22.4,0.988,0.1104,2.486,0.2226,0.3162,10.62,7.067e-05,0.1184,0.391,0.000988,0.04529383,0.01129497,0.117424,0.00152229,0.0025883,0.098792,1.36,0.00087671,0.02350571,4.2827e-08,0.00059997,0.119752,0.00287678,0.00203582,3.785e-05,0.00823909,1.361,0.004853,0.0434597,1.607,0.02322343,0.02499494,0.0018388,0.01905534,0.163593,0.086843,0.00044893,0.485325,0.201591,0.00893373,2.34,
12/10/2025,3749.2181,1104.22,184.71,22.49,0.995,0.1112,2.498,0.2238,0.3179,10.69,7.129e-05,0.1193,0.393,0.000995,0.04537796,0.01134617,0.117427,0.00152281,0.00260069,0.098827,1.36,0.00087678,0.02352492,4.287e-08,0.00060012,0.119885,0.00287981,0.00203565,3.791e-05,0.00824858,1.363,0.004864,0.043699,1.616,0.02329415,0.02530185,0.0018388,0.0190569,0.163389,0.087026,0.00045025,0.485113,0.201429,0.00893373,2.34,
13/10/2025,4159.7293,1297.13,195.92,22.93,1.078,0.1148,2.495,0.2334,0.3417,11.68,7.443e-05,0.1342,0.394,0.000977,0.04514056,0.0120755,0.118031,0.00176952,0.00308127,0.101518,1.5,0.00093126,0.03214436,4.9179e-08,0.00060597,0.122579,0.00379451,0.00228043,4.26e-05,0.00927155,1.345,0.005391,0.04819561,1.717,0.02489802,0.02593225,0.00173996,0.02093986,0.173435,0.106127,0.00050054,0.453694,0.208487,0.01372848,2.29,
14/10/2025,4246.2175,1269.24,206.28,23.52,1.133,0.116,2.634,0.2325,0.3517,11.84,7.621e-05,0.1333,0.37,0.000961,0.04810774,0.012435,0.116647,0.00172903,0.00306319,0.101457,1.39,0.00094297,0.02943584,4.8166e-08,0.00060323,0.122453,0.00359083,0.00225024,4.325e-05,0.0094605,1.465,0.005777,0.04950526,1.816,0.02634095,0.02474171,0.00164455,0.02078095,0.173493,0.101552,0.00046932,0.493446,0.206523,0.00872036,2.32,
15/10/2025,4128.8884,1217.77,200.04,22.65,1.147,0.138,2.448,0.2246,0.3421,11.25,7.418e-05,0.1274,0.3145,0.000945,0.04395229,0.01197673,0.114258,0.00167172,0.0030363,0.096921,1.48,0.00092257,0.02846186,4.6494e-08,0.00060991,0.11175,0.00344967,0.00206488,4.232e-05,0.0090521,1.391,0.006121,0.04630245,1.734,0.02484337,0.02423702,0.00162586,0.02010243,0.166402,0.090866,0.00043118,0.462294,0.19326,0.00904874,2.19,
16/10/2025,3983.1544,1151.0,192.75,21.81,1.063,0.1319,2.306,0.2142,0.324,10.81,7.025e-05,0.1206,0.2896,0.000887,0.03677837,0.01140685,0.107941,0.00159636,0.00302157,0.099248,1.33,0.00088961,0.02600857,4.4412e-08,0.00059308,0.140177,0.00365678,0.00198483,4.094e-05,0.00900726,1.359,0.00637,0.04381055,1.64,0.02490038,0.02361101,0.00157688,0.02014981,0.159658,0.08438,0.00041431,0.441242,0.177775,0.008092,2.04,
17/10/2025,3890.1993,1154.03,184.05,20.78,1.021,0.1225,2.209,0.2042,0.3135,10.39,6.73e-05,0.1148,0.2728,0.000851,0.03152847,0.01100613,0.108083,0.00152898,0.00310657,0.098285,1.26,0.00091469,0.02359952,4.3756e-08,0.00057676,0.138679,0.00322062,0.00187564,3.996e-05,0.00858336,1.337,0.00624,0.04294217,1.574,0.02377574,0.02325345,0.00156547,0.01995035,0.155144,0.078522,0.00040045,0.448758,0.164904,0.00690285,1.99,
18/10/2025,3831.2441,1074.98,181.48,19.8,1.003,0.1243,2.168,0.1932,0.3012,9.89,6.49e-05,0.1116,0.2681,0.000829,0.03002161,0.01052384,0.107714,0.00145227,0.00294279,0.096949,1.082,0.00081971,0.02328839,4.1977e-08,0.00057914,0.136879,0.00272404,0.00181669,3.888e-05,0.00818899,1.315,0.00607,0.04175521,1.541,0.02374023,0.02270152,0.00152296,0.0194793,0.149656,0.070347,0.00039054,0.43053,0.157763,0.00707494,1.84,
19/10/2025,3889.499,1095.89,185.81,20.06,1.006,0.1212,2.145,0.1927,0.3086,10.24,6.483e-05,0.1139,0.2572,0.000843,0.02847155,0.01089564,0.107228,0.00144632,0.00286264,0.093262,1.18,0.00085584,0.0237871,4.3196e-08,0.00059959,0.137709,0.00294777,0.00186977,4.123e-05,0.00842676,1.36,0.006079,0.04231232,1.555,0.02332637,0.0228352,0.00133959,0.01899218,0.149694,0.069628,0.00039978,0.413903,0.159435,0.00704783,1.85,
20/10/2025,3985.0766,1119.23,189.32,20.72,1.033,0.123,2.287,0.1971,0.3196,10.66,6.758e-05,0.1195,0.2903,0.000856,0.02985784,0.01128785,0.104674,0.0015186,0.0029595,0.091923,1.22,0.00086785,0.02317855,4.4242e-08,0.00058963,0.134716,0.00332223,0.00202016,4.198e-05,0.00853684,1.414,0.006198,0.04319362,1.598,0.02394336,0.02304124,0.00120402,0.0191251,0.155394,0.076204,0.00040107,0.392434,0.164492,0.00725855,1.84,
21/10/2025,3954.65,1095.64,187.71,20.37,1.028,0.1229,2.27,0.1978,0.3199,10.46,8.142e-05,0.1193,0.2769,0.000851,0.02851026,0.01134661,0.100573,0.00152019,0.00294569,0.090394,1.13,0.00087953,0.0237656,4.3463e-08,0.00058314,0.137902,0.00290665,0.00208678,4.284e-05,0.00841169,1.407,0.005971,0.04382269,1.595,0.02366727,0.02262598,0.00121543,0.01913436,0.154003,0.072108,0.00038813,0.392501,0.160576,0.0069309,1.86,0.02077
22/10/2025,3990.58,1088.4,194.03,20.4,1.07,0.122,2.306,0.2,0.3273,10.56,7.784e-05,0.1205,0.2588,0.000855,0.03229475,0.01156858,0.100478,0.00150377,0.0029416,0.090052,1.13,0.0008798,0.02288839,4.3396e-08,0.00058164,0.134529,0.0016445,0.00204556,4.761e-05,0.00840679,1.426,0.006157,0.04423038,1.642,0.02362103,0.02209822,0.00116051,0.01897298,0.15154,0.071178,0.00040533,0.419029,0.161154,0.00711013,1.99,0.02077
23/10/2025,3844.39,1074.21,184.77,19.5,1.006,0.1162,2.213,0.1889,0.3092,10.24,7.228e-05,0.113,0.2438,0.000815,0.03006497,0.01086102,0.096081,0.00137286,0.00276444,0.089533,1.0,0.00086094,0.02218604,4.2104e-08,0.00057389,0.128322,0.00174462,0.00192973,4.512e-05,0.0080964,1.396,0.005716,0.04112801,1.562,0.02456874,0.02025496,0.00106888,0.01894405,0.144654,0.066923,0.00035211,0.39524,0.151217,0.00703884,1.86,0.021983
24/10/2025,3828.36,1116.3,189.03,19.13,0.999,0.1176,2.187,0.1907,0.3114,10.37,7.336e-05,0.1117,0.2497,0.000816,0.02915377,0.01085198,0.097392,0.00138948,0.00264757,0.089538,1.075,0.00085075,0.02216729,4.2918e-08,0.00056618,0.128321,0.00145201,0.00188673,4.452e-05,0.00792545,1.387,0.00547,0.0400874,1.561,0.02451311,0.01851679,0.00100072,0.0183971,0.137125,0.06333,0.00035187,0.397882,0.147748,0.0062835,1.73,0.02201
25/10/2025,3944.0,1110.26,193.69,19.61,1.033,0.1173,2.271,0.1956,0.3203,10.73,7.424e-05,0.1145,0.2673,0.000829,0.02953507,0.01112209,0.099465,0.0013805,0.00244505,0.088097,1.12,0.00086407,0.02186035,4.354e-08,0.00056447,0.129001,0.00152234,0.00187032,4.585e-05,0.0081477,1.425,0.005593,0.04170077,1.607,0.02411402,0.01631928,0.00092323,0.01844561,0.142479,0.062792,0.00033564,0.39036,0.151567,0.00572085,1.78,0.0262312
26/10/2025,3944.76,1115.82,194.08,19.67,1.042,0.1164,2.275,0.2007,0.3202,10.38,7.355e-05,0.1164,0.2605,0.000833,0.02820641,0.01107077,0.099089,0.00136301,0.00249629,0.09057,1.13,0.0008599,0.0217473,4.3325e-08,0.00055919,0.128278,0.00156866,0.00191183,4.688e-05,0.00814654,1.433,0.00554,0.0414875,1.605,0.02421048,0.0150069,0.00103026,0.0182377,0.141765,0.065741,0.00030359,0.379662,0.156362,0.00575459,1.74,0.02803455
27/10/2025,4059.76,1127.07,198.99,20.28,1.058,0.1181,2.35,0.2048,0.3278,10.62,7.415e-05,0.1183,0.2742,0.000837,0.03089714,0.01138176,0.099656,0.00168707,0.00266462,0.09016,1.14,0.00086413,0.02203501,4.4418e-08,0.0005738,0.128958,0.00170527,0.00194094,4.69e-05,0.00826309,1.464,0.005581,0.04232334,1.624,0.02459471,0.01373553,0.00108255,0.01825563,0.144143,0.065199,0.00030626,0.369564,0.161802,0.00502651,1.78,0.03146386
28/10/2025,4155.6,1144.15,199.84,20.57,1.049,0.1153,2.351,0.2014,0.3334,10.47,7.399e-05,0.1171,0.2674,0.000831,0.02997828,0.01127071,0.099735,0.00160917,0.00279992,0.090177,1.084,0.00087129,0.02213799,4.5715e-08,0.00057726,0.131287,0.00165086,0.00199778,4.57e-05,0.00827753,1.486,0.005547,0.04223809,1.597,0.02429572,0.01444279,0.00104412,0.01838226,0.140735,0.063748,0.00032655,0.333508,0.164113,0.0045964,1.6,0.02132723
29/10/2025,4114.24,1134.36,199.39,20.19,1.036,0.114,2.326,0.201,0.328,10.44,7.243e-05,0.1156,0.2649,0.000826,0.02995279,0.01112194,0.099608,0.00157414,0.0026748,0.090342,1.076,0.00086514,0.02184396,4.3751e-08,0.00057546,0.129905,0.00125578,0.00196014,4.556e-05,0.00813231,1.472,0.005406,0.04171722,1.585,0.02334043,0.01325431,0.0011529,0.01878229,0.137296,0.06348,0.00032833,0.330941,0.158757,0.00457789,1.64,0.01901775
30/10/2025,3892.38,1107.03,192.25,19.86,1.026,0.1122,2.302,0.1979,0.321,10.21,7.367e-05,0.1129,0.267,0.000801,0.0283955,0.01104171,0.096458,0.00144435,0.00250572,0.089598,1.038,0.00082596,0.02108803,4.2238e-08,0.00056942,0.131152,0.00209407,0.00193209,4.55e-05,0.00795237,1.456,0.005414,0.041426,1.556,0.02291654,0.01140795,0.00113484,0.01994659,0.134587,0.068462,0.00030516,0.314843,0.155545,0.00425918,1.51,0.02227777
31/10/2025,3893.01,1104.77,193.81,19.62,1.008,0.1106,2.272,0.1985,0.317,9.97,7.217e-05,0.1112,0.2612,0.000799,0.02803811,0.01078776,0.095677,0.00148268,0.00249028,0.089194,1.02,0.00082528,0.02060946,4.1955e-08,0.00054985,0.131467,0.00207227,0.00188288,4.454e-05,0.0079135,1.451,0.005473,0.04040011,1.525,0.02268752,0.01126025,0.00117023,0.02011528,0.14845,0.068222,0.00030694,0.313008,0.154596,0.00446724,1.47,0.02234212
01/11/2025,3802.9,1078.03,184.52,18.13,0.912,0.1021,2.097,0.1842,0.2898,9.62,6.639e-05,0.0993,0.2402,0.000722,0.02477954,0.00987084,0.093244,0.00138263,0.00228311,0.084552,0.924927,0.00076505,0.01948857,3.9559e-08,0.00057242,0.125748,0.00198309,0.0017475,4.183e-05,0.00726109,1.456,0.005032,0.03642843,1.402,0.02199173,0.00951001,0.00113477,0.01920716,0.129223,0.063433,0.00029253,0.299428,0.145771,0.00428031,1.17,0.02271059
02/11/2025,3875.26,1089.14,186.34,18.67,0.931,0.1053,2.175,0.1943,0.3055,9.88,7.108e-05,0.105,0.2489,0.000786,0.02801916,0.01036049,0.088547,0.00137989,0.00237689,0.107665,0.982532,0.00079818,0.01911969,4.1005e-08,0.00057176,0.122175,0.0021447,0.00172875,4.375e-05,0.00761966,1.523,0.00562,0.03873452,1.44,0.02102287,0.00966794,0.00112189,0.01894056,0.147871,0.062319,0.00030543,0.281607,0.163978,0.00488528,1.11,0.02112713
03/11/2025,3745.6,1041.9,177.47,17.56,0.883,0.0985,2.045,0.181,0.2849,9.24,6.508e-05,0.1029,0.232,0.000736,0.02628956,0.00966858,0.088203,0.00121065,0.00221782,0.096975,1.077,0.00076733,0.01895727,3.9874e-08,0.00057474,0.119978,0.00222099,0.00192359,4.077e-05,0.00699922,1.457,0.005102,0.03639829,1.346,0.0197034,0.00915865,0.00117743,0.0187495,0.131635,0.058086,0.0003705,0.258008,0.185913,0.00490828,1.066,0.01611018
04/11/2025,3491.4,950.2,158.73,16.34,0.795,0.0926,1.859,0.1572,0.2581,8.66,5.868e-05,0.0971,0.2084,0.000652,0.02296337,0.00869699,0.086686,0.00110212,0.00192341,0.089003,0.860892,0.000709,0.01715451,3.5286e-08,0.00054989,0.112678,0.00200391,0.00171099,3.832e-05,0.00635213,1.378,0.004565,0.03224361,1.225,0.01708819,0.00716183,0.00118355,0.01742154,0.132748,0.050557,0.00028892,0.20985,0.182576,0.00485421,1.32,0.01315558
05/11/2025,3343.37,949.03,157.89,16.53,0.795,0.0928,1.858,0.1616,0.262,8.9,5.889e-05,0.0918,0.213,0.000661,0.02399694,0.00876826,0.070711,0.00106071,0.00194369,0.097456,1.032,0.00067483,0.01640811,3.542e-08,0.00053232,0.107326,0.00185497,0.00161746,3.734e-05,0.00638614,1.369,0.004413,0.03230071,1.213,0.01589439,0.00659082,0.0011038,0.01566443,0.129967,0.04810296,0.00029871,0.217588,0.191913,0.00452892,1.15,0.01299116
06/11/2025,3391.7,950.51,159.23,16.35,0.799,0.0915,1.909,0.1616,0.2631,8.86,5.867e-05,0.0936,0.2158,0.000651,0.0239329,0.00877054,0.068798,0.00116818,0.0020671,0.099177,1.09,0.00068232,0.0157816,3.7133e-08,0.00052488,0.115538,0.00214779,0.00165669,3.699e-05,0.00626543,1.392,0.004315,0.03161618,1.171,0.0158029,0.00567532,0.0011166,0.01546438,0.132776,0.04805065,0.00030756,0.21467,0.203066,0.00454706,1.044,0.01590686
07/11/2025,3303.31,948.94,155.68,16.13,0.808,0.0899,2.146,0.1615,0.266,9.01,5.887e-05,0.0967,0.2365,0.000656,0.02341814,0.00889956,0.067485,0.00123293,0.00199267,0.10061,1.021,0.0006632,0.01612903,3.7455e-08,0.00050887,0.110682,0.00202379,0.00161867,3.536e-05,0.00658317,1.377,0.004213,0.03153486,1.249,0.01604365,0.00528553,0.00111973,0.01521059,0.134632,0.04338556,0.00030477,0.241847,0.188742,0.00450256,1.008,0.01656325
08/11/2025,3444.24,989.52,162.94,17.97,1.15,0.1026,2.846,0.1823,0.3016,9.75,6.595e-05,0.1187,0.347,0.000845,0.0261356,0.01049653,0.066127,0.00131077,0.00215441,0.098376,1.15,0.000696,0.01653326,3.8254e-08,0.00050008,0.114289,0.00204524,0.00179182,3.822e-05,0.00752391,1.523,0.004819,0.03636955,1.517,0.01727951,0.00541628,0.00112372,0.01525481,0.194189,0.05006,0.00032102,0.250877,0.201059,0.00447261,1.11,0.01670837
09/11/2025,3406.2,990.42,158.36,17.49,1.042,0.0981,2.926,0.1823,0.2984,9.62,6.266e-05,0.1091,0.3419,0.000787,0.0257533,0.01026609,0.064178,0.00118455,0.00204567,0.095534,1.043,0.00070618,0.01628955,3.7594e-08,0.00050093,0.115301,0.00219917,0.00179346,3.794e-05,0.00705189,1.498,0.004652,0.03491937,1.479,0.01632331,0.00527378,0.00119557,0.0148006,0.172451,0.04684624,0.00033505,0.227429,0.187019,0.00441463,1.5,0.01483634
10/11/2025,3576.54,992.06,168.07,18.13,1.024,0.1001,2.848,0.1895,0.3033,10.06,6.45e-05,0.1184,0.3467,0.000776,0.0266325,0.01049071,0.064842,0.00115375,0.00223372,0.095654,1.079,0.00076686,0.01857275,3.7266e-08,0.00049804,0.115124,0.00238738,0.00181231,3.746e-05,0.00727674,1.526,0.004658,0.03560823,1.463,0.01554398,0.00466707,0.00151241,0.01552091,0.169111,0.04768722,0.00033331,0.216497,0.180339,0.00469879,1.5,0.01470815
11/11/2025,3464.33,966.2,158.61,17.37,0.985,0.0936,2.639,0.1791,0.2821,9.82,6.093e-05,0.111,0.3455,0.000725,0.02522959,0.01014626,0.06409,0.00114066,0.00199732,0.091883,1.079,0.00073618,0.01686984,3.6328e-08,0.00049079,0.115831,0.00232438,0.0017798,3.611e-05,0.00690304,1.479,0.004452,0.03436022,1.388,0.01508294,0.00408088,0.0015917,0.01542459,0.163309,0.04544416,0.00031147,0.2158,0.178129,0.00500951,1.37,0.01297702
12/11/2025,3432.66,962.23,154.27,17.07,0.959,0.0925,2.582,0.1772,0.2753,9.68,6.055e-05,0.1091,0.3302,0.000714,0.02475219,0.01004039,0.063868,0.00114395,0.00200726,0.090939,1.1,0.00072143,0.01676961,3.6135e-08,0.00049799,0.115434,0.00231561,0.00171751,3.549e-05,0.00675956,1.483,0.004371,0.03392107,1.378,0.01473854,0.00385156,0.00158245,0.01540037,0.163897,0.04431518,0.0003115,0.216104,0.176806,0.00493082,1.46,0.01272837
13/11/2025,3526.57,965.1,155.66,17.42,0.946,0.0942,2.577,0.1778,0.2687,9.84,6.142e-05,0.1209,0.3177,0.000732,0.02503239,0.00991901,0.064066,0.00117776,0.0020312,0.089703,1.13,0.00072745,0.0161864,3.6858e-08,0.00049979,0.111216,0.00233358,0.00176302,3.517e-05,0.00671256,1.512,0.004399,0.03359974,1.351,0.01493085,0.00391207,0.00161564,0.01502799,0.159394,0.04275143,0.00031801,0.211226,0.174496,0.00486478,1.33,0.0138041
14/11/2025,3526.57,965.1,155.66,17.42,0.946,0.0942,2.577,0.1778,0.2687,9.84,6.142e-05,0.1209,0.3177,0.000732,0.02503239,0.00991901,0.064066,0.00117776,0.0020312,0.089703,1.13,0.00072745,0.0161864,3.6858e-08,0.00049979,0.111216,0.00233358,0.00176302,3.517e-05,0.00671256,1.512,0.004399,0.03359974,1.351,0.01493085,0.00391207,0.00161564,0.01502799,0.159394,0.04275143,0.00031801,0.211226,0.174496,0.00486478,1.33,0.0138041
15/11/2025,3103.59,914.75,138.36,15.05,0.843,0.0829,2.34,0.1589,0.2351,8.54,5.399e-05,0.1175,0.2696,0.000704,0.02157305,0.00891024,0.063575,0.00119332,0.00180295,0.087487,1.093,0.00065552,0.01434136,3.4753e-08,0.00047575,0.108681,0.00154096,0.00156975,3.202e-05,0.00585814,1.401,0.003775,0.02857755,1.238,0.01265239,0.0037233,0.00152092,0.01274005,0.13797,0.03811069,0.00026697,0.182222,0.160544,0.00485867,1.2,0.0098299
16/11/2025,3159.23,931.62,139.6,15.49,0.856,0.0846,2.394,0.1633,0.2405,8.61,5.492e-05,0.1196,0.2856,0.000698,0.02230497,0.00908191,0.063938,0.00118016,0.0017593,0.087323,1.12,0.00064743,0.01389249,3.4927e-08,0.00046856,0.107476,0.00181554,0.0015815,3.246e-05,0.00578426,1.45,0.003854,0.03022545,1.276,0.01446919,0.01188254,0.00151465,0.01270168,0.14132,0.04125695,0.00027052,0.170766,0.164023,0.0045374,1.42,0.01109683
17/11/2025,3185.08,934.09,140.16,15.56,0.832,0.082,2.315,0.1576,0.2385,8.52,5.418e-05,0.1132,0.2762,0.000669,0.02168663,0.00868093,0.063724,0.00110786,0.00164564,0.088246,1.25,0.00060823,0.01380956,3.4096e-08,0.00044124,0.10425,0.00174265,0.00156588,3.181e-05,0.00563942,1.45,0.003736,0.02983332,1.251,0.01288123,0.00832005,0.00147959,0.01187093,0.142173,0.03828798,0.00026046,0.152366,0.160349,0.00452537,1.23,0.01013916
18/11/2025,3015.4,900.52,134.24,14.42,0.802,0.0798,2.298,0.1505,0.2318,8.53,5.244e-05,0.1121,0.2743,0.000655,0.02045238,0.00860102,0.063378,0.00106125,0.00160059,0.085885,1.25,0.00057868,0.01268853,3.3209e-08,0.00042848,0.100184,0.00163818,0.00139103,3.124e-05,0.00548131,1.442,0.003664,0.02906978,1.228,0.01267372,0.00713073,0.00143341,0.0119215,0.139829,0.0343855,0.00026152,0.13874,0.153541,0.00502127,1.17,0.00987547
19/11/2025,3122.32,934.62,141.54,14.65,0.799,0.0818,2.286,0.1517,0.2384,8.9,5.421e-05,0.1115,0.3028,0.000659,0.02159472,0.00874584,0.062975,0.00108653,0.00158945,0.085738,1.36,0.00061215,0.01283683,3.4671e-08,0.0004153,0.100056,0.00174745,0.00139318,3.238e-05,0.00542047,1.464,0.003801,0.02948392,1.319,0.01258362,0.00625,0.00144309,0.01198668,0.14216,0.03823185,0.00025004,0.140247,0.162209,0.00503473,1.23,0.0104705
20/11/2025,2833.45,877.96,133.32,13.71,0.71,0.0776,2.108,0.1421,0.2154,8.27,4.805e-05,0.1324,0.311,0.000635,0.01879574,0.00803825,0.061998,0.00096529,0.00183566,0.081356,1.17,0.00061759,0.01255615,3.2118e-08,0.00039126,0.091597,0.00140759,0.00115307,2.857e-05,0.0050274,1.41,0.003419,0.0269168,1.192,0.01178018,0.00777025,0.00150661,0.01042897,0.143412,0.03350639,0.0002206,0.130612,0.140784,0.00661666,1.12,0.0073287
21/11/2025,2863.85,875.15,134.84,13.9,0.731,0.0794,2.124,0.1438,0.2193,8.47,4.908e-05,0.1386,0.321,0.00065,0.01901013,0.00815094,0.062007,0.00097074,0.00182802,0.080154,1.21,0.00062148,0.01275217,3.2314e-08,0.0003893,0.088817,0.00143984,0.00119032,2.911e-05,0.00515647,1.43,0.003474,0.02741133,1.209,0.01201336,0.00949774,0.00150726,0.01079709,0.148941,0.0341228,0.00022304,0.134318,0.142642,0.00786772,1.12,0.00776308
22/11/2025,2735.63,822.21,125.66,13.26,0.624,0.0713,1.844,0.1305,0.197,7.8,4.498e-05,0.1071,0.2764,0.000564,0.01482131,0.00732153,0.061091,0.00090791,0.00165107,0.081163,1.19,0.00053151,0.01198127,2.7786e-08,0.00037599,0.10008,0.0013548,0.00113014,2.679e-05,0.00448172,1.359,0.003219,0.02515026,1.075,0.01156998,0.00636003,0.00142563,0.01067525,0.129879,0.02814049,0.00021141,0.127413,0.12811,0.00845152,1.17,0.00741799
23/11/2025,2821.05,845.94,130.52,13.35,0.626,0.0735,1.883,0.1329,0.2029,8.28,4.627e-05,0.1099,0.289,0.000564,0.01608868,0.00755954,0.060628,0.00089346,0.00162857,0.08108,1.19,0.0005326,0.01197182,2.8488e-08,0.00037779,0.097948,0.00139211,0.00116796,2.734e-05,0.0047628,1.402,0.003276,0.02660349,1.112,0.01130383,0.0047193,0.00149845,0.01053346,0.134621,0.03007837,0.00021935,0.120978,0.139645,0.00559885,1.27,0.00792038
24/11/2025,2821.05,845.94,130.52,13.35,0.626,0.0735,1.883,0.1329,0.2029,8.28,4.627e-05,0.1099,0.289,0.000564,0.01608868,0.00755954,0.060628,0.00089346,0.00162857,0.08108,1.19,0.0005326,0.01197182,2.8488e-08,0.00037779,0.097948,0.00139211,0.00116796,2.734e-05,0.0047628,1.402,0.003276,0.02660349,1.112,0.01130383,0.0047193,0.00149845,0.01053346,0.134621,0.03007837,0.00021935,0.120978,0.139645,0.00559885,1.27,0.00792038
25/11/2025,2920.36,861.12,138.06,13.88,0.639,0.0749,1.919,0.1365,0.2179,8.84,4.853e-05,0.1191,0.2754,0.000589,0.01610111,0.00769052,0.059984,0.00095353,0.00176729,0.087359,1.17,0.00056127,0.01145813,2.8112e-08,0.00036467,0.09788,0.00140767,0.00122421,2.774e-05,0.00490623,1.448,0.003464,0.02763772,1.138,0.02102916,0.00429299,0.00149436,0.01050425,0.13552,0.03319645,0.00021648,0.130638,0.143744,0.00537846,1.23,0.00838751
26/11/2025,2913.4,855.24,137.13,14.02,0.613,0.0891,1.87,0.1354,0.2117,8.78,4.844e-05,0.117,0.2658,0.000595,0.01602438,0.00765379,0.057061,0.00091799,0.00144805,0.08253,1.081,0.00055067,0.01178574,2.7673e-08,0.0003625,0.097068,0.00136231,0.0011994,2.714e-05,0.00493301,1.45,0.003403,0.02764131,1.12,0.01492898,0.00501842,0.0015148,0.01135744,0.130948,0.03280446,0.00020154,0.124179,0.137177,0.00521122,1.18,0.00778656
27/11/2025,3027.9,891.99,143.06,14.94,0.633,0.0869,1.938,0.1406,0.2187,9.12,4.974e-05,0.1198,0.2675,0.00062,0.01659403,0.00783606,0.056522,0.00087973,0.00148745,0.080038,1.11,0.00054839,0.01168953,2.7909e-08,0.00037184,0.097018,0.00140418,0.00120816,2.809e-05,0.00508238,1.484,0.003487,0.02833076,1.159,0.01468697,0.00486464,0.00149158,0.01138649,0.134587,0.03252398,0.00020398,0.125881,0.138674,0.00496018,1.21,0.0078863
28/11/2025,3016.65,889.73,139.68,15.05,0.618,0.0797,1.884,0.1379,0.2178,8.99,4.926e-05,0.1138,0.2631,0.000621,0.01558375,0.00781094,0.055474,0.0008704,0.00123855,0.079618,1.091,0.00053878,0.01156785,2.7495e-08,0.0003666,0.095607,0.00139031,0.00121455,2.768e-05,0.00487008,1.488,0.003397,0.02739694,1.142,0.01362935,0.00601904,0.00145394,0.01116269,0.130296,0.0298523,0.00020218,0.12704,0.150803,0.00494567,1.22,0.00765382
29/11/2025,3041.7,888.92,137.9,14.86,0.629,0.0832,1.885,0.1384,0.2174,9.0,4.94e-05,0.1121,0.2671,0.000611,0.01549641,0.00788119,0.05551,0.00088676,0.00123682,0.079406,1.1,0.0005343,0.01131706,2.7333e-08,0.00036395,0.094778,0.00084103,0.00119188,2.81e-05,0.00485287,1.498,0.003412,0.02727897,1.138,0.01359954,0.00548398,0.00142068,0.01092348,0.130904,0.02891653,0.00015289,0.128929,0.145224,0.00497391,1.23,0.00754682
30/11/2025,2991.39,874.4,136.06,14.25,0.616,0.0789,1.851,0.1353,0.2146,8.84,4.821e-05,0.1084,0.2598,0.0006,0.01553544,0.00766173,0.055534,0.00086912,0.00114897,0.078872,1.046,0.00058166,0.01156972,2.6802e-08,0.0003631,0.089382,0.00087617,0.0011686,2.761e-05,0.0047372,1.468,0.003366,0.02637573,1.11,0.0153945,0.00552128,0.00137555,0.01086216,0.128748,0.03002968,0.00013592,0.123956,0.139523,0.00496395,1.21,0.00731531
01/12/2025,2839.82,825.41,127.15,12.97,0.561,0.0727,1.632,0.1248,0.1938,8.31,4.277e-05,0.0976,0.2286,0.000524,0.01365056,0.00684477,0.055443,0.00082926,0.00076875,0.07386,0.985307,0.00050803,0.01043876,2.4886e-08,0.00036144,0.088256,0.00083575,0.00110024,2.522e-05,0.00418119,1.406,0.002982,0.02420469,1.003,0.01324472,0.00509768,0.00124996,0.01030369,0.117564,0.02524029,0.00010434,0.119103,0.128832,0.00504873,1.081,0.00694069
02/12/2025,2800.5,828.08,126.68,12.8,0.563,0.073,1.629,0.1233,0.1941,8.19,4.316e-05,0.0954,0.232,0.000536,0.01354073,0.00679022,0.054655,0.00078585,0.00076675,0.07295,0.953812,0.0005065,0.00994716,2.4951e-08,0.00035883,0.089617,0.00093201,0.00107871,2.7e-05,0.00385,1.395,0.003023,0.02431957,1.014,0.01324358,0.00548102,0.00124934,0.01121961,0.118489,0.02514088,0.00010357,0.102074,0.135411,0.00506721,1.16,0.00664066
03/12/2025,2999.54,877.35,138.86,13.67,0.621,0.0753,1.802,0.1377,0.2125,8.64,4.792e-05,0.0981,0.2558,0.000586,0.01443519,0.00740932,0.054739,0.00073633,0.00113272,0.075803,1.014,0.00052972,0.01044001,2.7326e-08,0.00035773,0.096015,0.001278,0.00117035,2.795e-05,0.00411385,1.433,0.003369,0.02698104,1.099,0.01299009,0.00521271,0.00126604,0.01146183,0.123797,0.02612552,0.00010789,0.100177,0.140582,0.00501937,1.19,0.00670507
04/12/2025,3176.42,907.34,143.1,14.73,0.642,0.0786,1.868,0.1392,0.2202,9.05,4.969e-05,0.1006,0.2576,0.00059,0.0145267,0.00773333,0.054986,0.00066034,0.00127876,0.077378,1.058,0.00052628,0.01046705,2.8828e-08,0.00035685,0.097407,0.00128819,0.0012302,2.826e-05,0.00415376,1.47,0.003538,0.02707068,1.121,0.01274875,0.00512777,0.00118868,0.01144532,0.124436,0.02440381,0.00011991,0.098785,0.135603,0.0049335,1.19,0.00711097
05/12/2025,3139.7,901.71,139.09,14.43,0.624,0.0754,1.796,0.136,0.2161,8.71,4.773e-05,0.096,0.2497,0.000573,0.01408109,0.00752512,0.054808,0.00063868,0.00118462,0.077746,1.035,0.00052132,0.01046356,2.8205e-08,0.00035542,0.09949,0.00126139,0.00120938,3.01e-05,0.00393619,1.455,0.003435,0.02656544,1.084,0.01300282,0.00510558,0.00113929,0.01059641,0.122588,0.02328576,0.00011843,0.073812,0.135436,0.00497846,1.15,0.0066687
06/12/2025,3024.47,884.2,133.26,13.24,0.577,0.0744,1.685,0.1269,0.2027,8.5,4.507e-05,0.0915,0.2337,0.000553,0.01368004,0.00712795,0.054349,0.00057779,0.00113223,0.071778,1.014,0.00051344,0.01015035,2.7529e-08,0.00035414,0.096719,0.00121039,0.00113238,5.657e-05,0.0034931,1.391,0.003232,0.02466096,1.032,0.01215342,0.00511412,0.00113932,0.01098251,0.119116,0.02174691,0.00011363,0.068597,0.131439,0.0047958,1.062,0.00710304
07/12/2025,3032.15,890.04,131.56,13.34,0.578,0.0746,1.705,0.128,0.2067,8.62,4.638e-05,0.0943,0.2338,0.000642,0.01406263,0.00719313,0.051297,0.00060856,0.00107312,0.072724,0.970891,0.00052101,0.01202945,2.7778e-08,0.00035051,0.095454,0.00121908,0.00117319,6.587e-05,0.00368173,1.417,0.003248,0.0257709,1.072,0.01235693,0.00510699,0.00113586,0.01042121,0.121592,0.02063077,0.00011278,0.066183,0.134949,0.00475659,1.032,0.00673863
08/12/2025,3135.65,903.12,135.12,13.65,0.586,0.0749,1.734,0.131,0.2098,8.94,4.679e-05,0.0923,0.2415,0.0006,0.01368561,0.0072546,0.051638,0.00064142,0.00111473,0.07258,0.956749,0.00054264,0.0105,2.8127e-08,0.00034743,0.0978,0.00127326,0.00120901,5.268e-05,0.003924,1.403,0.003236,0.02577971,1.047,0.01245406,0.00503946,0.00118339,0.01052066,0.122906,0.02439023,0.00011145,0.061612,0.140614,0.00466369,0.99071,0.00709502
09/12/2025,3133.68,900.2,133.68,13.7,0.593,0.0755,1.749,0.132,0.2132,8.8,4.882e-05,0.0913,0.2422,0.000593,0.01359226,0.00733221,0.051485,0.00062124,0.00110092,0.072183,0.95,0.00052521,0.01050073,2.8256e-08,0.00034175,0.100608,0.00133126,0.00121175,5.406e-05,0.00386194,1.394,0.003269,0.0270339,1.038,0.01203275,0.00469725,0.00113536,0.01056696,0.119985,0.02816526,0.00011203,0.04939097,0.138308,0.00473901,0.999383,0.00757974
10/12/2025,3324.2,900.24,138.07,14.6,0.637,0.0768,1.818,0.1382,0.2229,9.13,5.117e-05,0.0935,0.2639,0.000615,0.01370293,0.00778473,0.051192,0.00063139,0.00095227,0.07129,0.969438,0.00053594,0.01037145,2.8435e-08,0.00033208,0.110867,0.00114153,0.00126885,6.213e-05,0.00394117,1.442,0.003345,0.02808873,1.124,0.01211738,0.00440091,0.00105871,0.01073266,0.125583,0.02821057,0.00011673,0.054637,0.143537,0.00463007,1.039,0.007247
11/12/2025,3336.71,899.13,137.28,14.23,0.611,0.075,1.773,0.148,0.2183,9.05,4.998e-05,0.0893,0.2548,0.000599,0.01353579,0.00758575,0.050571,0.00061337,0.0009949,0.068469,0.956467,0.00052597,0.01016572,2.8279e-08,0.00033159,0.119206,0.00115706,0.00126413,6.135e-05,0.00373984,1.395,0.003149,0.02795997,1.093,0.01204617,0.00461227,0.00106045,0.01054944,0.120221,0.0256378,0.00011778,0.068891,0.144258,0.00464479,0.994627,0.00680988
12/12/2025,3262.01,893.87,139.78,13.76,0.599,0.0736,1.719,0.1343,0.2159,8.58,4.831e-05,0.0866,0.246,0.000584,0.01285207,0.00742341,0.04978036,0.00059212,0.00118006,0.06877,0.964046,0.00052132,0.00984644,2.8023e-08,0.00032926,0.119508,0.00086641,0.00125246,4.75e-05,0.00337773,1.365,0.003411,0.02775404,1.051,0.01194371,0.00456213,0.00098092,0.01047799,0.117708,0.02390734,0.00010358,0.05932,0.149284,0.00462685,0.931038,0.00676129
13/12/2025,3091.1,882.93,132.45,13.18,0.575,0.0717,1.634,0.1287,0.2067,8.45,4.628e-05,0.0837,0.2401,0.000575,0.01181416,0.00714112,0.04854009,0.00058514,0.00114885,0.068661,0.957885,0.00052479,0.00927966,2.7827e-08,0.00032216,0.118263,0.00087363,0.00121126,4.546e-05,0.0032693,1.307,0.003108,0.0266599,1.014,0.01179185,0.00450863,0.00093986,0.01025466,0.11416,0.02199796,0.00010376,0.057749,0.143027,0.00458253,0.885813,0.00555886
14/12/2025,3118.43,897.98,133.57,13.38,0.578,0.0726,1.662,0.1294,0.2162,8.55,4.644e-05,0.0852,0.2457,0.000588,0.01173335,0.00713235,0.04784219,0.00056187,0.00112191,0.070072,0.959614,0.0005324,0.00921613,2.8456e-08,0.00031564,0.117686,0.00087792,0.00128521,4.387e-05,0.00333128,1.324,0.00314,0.02701766,1.012,0.01168165,0.00442303,0.00092725,0.0101548,0.11421,0.02210842,9.894e-05,0.05968,0.141095,0.00455965,0.903555,0.00556385
15/12/2025,3152.05,886.13,131.86,13.19,0.548,0.0696,1.614,0.1239,0.2117,8.55,4.514e-05,0.0796,0.2386,0.00057,0.01107037,0.00692669,0.04703009,0.00053612,0.00153111,0.069371,0.904616,0.00051144,0.00880216,2.8585e-08,0.00030773,0.112699,0.00088588,0.00128768,4.094e-05,0.00318812,1.308,0.002928,0.0258609,0.978,0.01149188,0.00406831,0.00090717,0.0101934,0.11041,0.02037001,0.00012067,0.058959,0.133209,0.00439808,0.908868,0.00481285
16/12/2025,2921.52,867.18,127.32,12.18,0.51,0.0773,1.553,0.1189,0.1999,8.12,4.279e-05,0.0764,0.2219,0.00053,0.00973707,0.0066101,0.04602702,0.00050966,0.00167379,0.066603,0.784243,0.00045861,0.00817739,2.726e-08,0.0003002,0.109785,0.00082567,0.00119382,4.025e-05,0.00263901,1.261,0.00269,0.02387508,0.92,0.01107385,0.00412143,0.00081421,0.00973769,0.105704,0.01888447,0.00010183,0.052544,0.126585,0.00428691,0.845868,0.0047036
17/12/2025,2954.65,872.89,128.71,12.34,0.513,0.0759,1.569,0.1185,0.1999,8.06,4.269e-05,0.0769,0.2205,0.000531,0.00985818,0.0066005,0.04603636,0.00050899,0.00174036,0.06749,0.797619,0.00045728,0.00819282,2.7448e-08,0.00029774,0.110117,0.00083376,0.00118621,4.086e-05,0.00264071,1.263,0.002693,0.02404622,0.922,0.0110647,0.0040798,0.00081371,0.01028826,0.105902,0.01928395,0.00010224,0.053076,0.126519,0.00436139,0.838471,0.00473134
18/12/2025,2954.65,872.89,128.71,12.34,0.513,0.0759,1.569,0.1185,0.1999,8.06,4.269e-05,0.0769,0.2205,0.000531,0.00985818,0.0066005,0.04603636,0.00050899,0.00174036,0.06749,0.797619,0.00045728,0.00819282,2.7448e-08,0.00029774,0.110117,0.00083376,0.00118621,4.086e-05,0.00264071,1.263,0.002693,0.02404622,0.922,0.0110647,0.0040798,0.00081371,0.01028826,0.105902,0.01928395,0.00010224,0.053076,0.126519,0.00436139,0.838471,0.00473134
19/12/2025,2975.44,848.02,125.49,12.3,0.4839,0.07,1.534,0.112,0.1912,8.08,4.163e-05,0.074,0.2116,0.000518,0.00967964,0.00631592,0.04298036,0.00045258,0.00161055,0.064503,0.723537,0.00042836,0.00812132,2.6842e-08,0.00026421,0.102364,0.00089488,0.00117372,3.947e-05,0.00246681,1.267,0.002551,0.02384107,0.866,0.01081294,0.00257504,0.00078455,0.01013025,0.099474,0.01827928,8.731e-05,0.04983885,0.139022,0.00390294,0.774619,0.00435217
20/12/2025,2982.7,854.69,126.41,12.27,0.4776,0.0705,1.537,0.1124,0.1926,8.08,4.158e-05,0.0742,0.2123,0.000524,0.00971227,0.00631905,0.04297716,0.00046482,0.00160752,0.064217,0.714893,0.00042601,0.00811606,2.7277e-08,0.00026218,0.102684,0.00090542,0.00117055,4.019e-05,0.00248682,1.283,0.002558,0.02400937,0.874,0.01104926,0.00255593,0.00080889,0.01010692,0.100551,0.01842735,9.153e-05,0.050377,0.154243,0.00384365,0.762527,0.00443681
21/12/2025,2989.0,852.47,125.37,12.16,0.4746,0.0698,1.523,0.1107,0.19,8.15,4.104e-05,0.0749,0.2093,0.000524,0.00991342,0.00622598,0.04308388,0.00046229,0.00166912,0.062785,0.729996,0.00045678,0.00853999,2.7347e-08,0.00028835,0.103756,0.0009088,0.00108203,4.038e-05,0.00259411,1.266,0.00262,0.02762664,0.865,0.01111756,0.00286882,0.00075571,0.01010669,0.099228,0.01819548,8.961e-05,0.053325,0.160644,0.00372457,0.792182,0.00439665
22/12/2025,3031.0,864.39,125.67,12.21,0.466,0.0705,1.561,0.1118,0.1901,8.24,4.07e-05,0.0739,0.2082,0.000526,0.00946996,0.0062807,0.04320743,0.00047752,0.00169898,0.06317,0.712245,0.00055427,0.0083522,2.7299e-08,0.00027128,0.103054,0.00095755,0.00108269,4.028e-05,0.00257775,1.302,0.002561,0.02695278,0.858,0.01102915,0.00244,0.00076959,0.01013997,0.097386,0.01799961,8.964e-05,0.054692,0.16154,0.00362873,0.845921,0.00441363
23/12/2025,2956.75,850.09,124.11,12.18,0.4454,0.0694,1.496,0.1102,0.1846,8.14,4.009e-05,0.0717,0.2063,0.000513,0.00906468,0.00606255,0.04298651,0.00046282,0.00114078,0.059967,0.695066,0.00071028,0.00835892,2.6805e-08,0.00029925,0.102003,0.00093892,0.00101923,3.926e-05,0.00250963,1.292,0.002455,0.02772392,0.821,0.01080388,0.00233615,0.00064373,0.01010553,0.122815,0.01747899,8.085e-05,0.056833,0.176522,0.00366987,0.798154,0.00431553
24/12/2025,2942.72,846.39,122.49,11.99,0.4393,0.0709,1.453,0.1089,0.1868,8.19,4.01e-05,0.0714,0.2076,0.000508,0.00969852,0.00607078,0.0414774,0.00045883,0.00136579,0.060658,0.696193,0.00058936,0.00869148,2.6512e-08,0.00028596,0.106559,0.00087394,0.00099559,3.92e-05,0.00237583,1.272,0.002446,0.02636454,0.829,0.01077132,0.00332711,0.00056008,0.00984967,0.108384,0.01755306,8.552e-05,0.057728,0.161229,0.00370661,0.789614,0.00453958
25/12/2025,2900.0,829.15,119.48,12.05,0.4377,0.0735,1.436,0.1066,0.1834,8.47,3.916e-05,0.0709,0.2017,0.000518,0.00915384,0.00597738,0.04196796,0.0004655,0.00127783,0.056258,0.676909,0.00054611,0.01196024,2.6136e-08,0.0002852,0.105676,0.00083657,0.00102782,3.946e-05,0.00233491,1.229,0.002361,0.02567627,0.823,0.01110644,0.00331421,0.00055467,0.00951846,0.105464,0.01746744,8.448e-05,0.055101,0.151873,0.00386261,1.15,0.00447456
26/12/2025,2900.0,829.15,119.48,12.05,0.4377,0.0735,1.436,0.1066,0.1834,8.47,3.916e-05,0.0709,0.2017,0.000518,0.00915384,0.00597738,0.04196796,0.0004655,0.00127783,0.056258,0.676909,0.00054611,0.01196024,2.6136e-08,0.0002852,0.105676,0.00083657,0.00102782,3.946e-05,0.00233491,1.229,0.002361,0.02567627,0.823,0.01110644,0.00331421,0.00055467,0.00951846,0.105464,0.01746744,8.448e-05,0.055101,0.151873,0.00386261,1.15,0.00447456
27/12/2025,2933.41,841.12,123.24,12.43,0.4628,0.0752,1.518,0.1108,0.1923,8.62,3.997e-05,0.0747,0.2129,0.000532,0.0097529,0.00605505,0.04193924,0.0004645,0.00123184,0.054537,0.714956,0.00061014,0.00965273,2.6419e-08,0.0003011,0.110126,0.00088586,0.00091991,4.053e-05,0.00237218,1.197,0.002406,0.02591451,0.844,0.01536282,0.00261777,0.00055931,0.01036618,0.106741,0.01735778,7.751e-05,0.054887,0.130472,0.00379221,0.999599,0.00467145
28/12/2025,2938.33,842.66,124.23,12.61,0.4785,0.0749,1.578,0.1165,0.1957,8.6,4.067e-05,0.0767,0.217,0.000542,0.00953881,0.00621981,0.04189117,0.00046132,0.00135329,0.054831,0.71887,0.00054524,0.00939575,2.6413e-08,0.0002979,0.110259,0.00090766,0.00092899,4.067e-05,0.00237747,1.138,0.002682,0.02574695,0.864,0.01324688,0.00262884,0.00057441,0.01024989,0.109558,0.01735479,7.722e-05,0.055141,0.129649,0.00378239,1.016,0.0048577
29/12/2025,2950.56,859.09,125.33,12.64,0.4704,0.074,1.581,0.1149,0.1951,8.24,4.07e-05,0.0747,0.2153,0.000534,0.00939682,0.00618091,0.0425769,0.00046121,0.00179187,0.051712,0.713522,0.000542,0.00908211,2.6786e-08,0.00029349,0.114566,0.00087219,0.00088232,4.023e-05,0.0065899,1.105,0.00261,0.0245853,0.857,0.01258621,0.00263059,0.00056037,0.01012617,0.107572,0.01793855,7.526e-05,0.054008,0.125471,0.00386312,0.945303,0.00467974
30/12/2025,2932.88,852.22,123.13,12.41,0.4539,0.0726,1.521,0.1136,0.1903,8.12,3.933e-05,0.0746,0.2099,0.000524,0.00932678,0.00601305,0.04219357,0.00047128,0.00135926,0.051099,0.693279,0.00051147,0.00911116,2.6645e-08,0.00028098,0.114852,0.00082186,0.00083262,3.887e-05,0.00627382,1.121,0.002526,0.02765848,0.828,0.01469177,0.00275012,0.00040466,0.00991753,0.122689,0.01727976,7.54e-05,0.053095,0.124366,0.00386534,1.015,0.00455762
31/12/2025,2932.88,852.22,123.13,12.41,0.4539,0.0726,1.521,0.1136,0.1903,8.12,3.933e-05,0.0746,0.2099,0.000524,0.00932678,0.00601305,0.04219357,0.00047128,0.00135926,0.051099,0.693279,0.00051147,0.00911116,2.6645e-08,0.00028098,0.114852,0.00082186,0.00083262,3.887e-05,0.00627382,1.121,0.002526,0.02765848,0.828,0.01469177,0.00275012,0.00040466,0.00991753,0.122689,0.01727976,7.54e-05,0.053095,0.124366,0.00386534,1.015,0.00455762
01/01/2026,2986.0,859.34,125.22,13.0,0.4926,0.0726,1.597,0.1157,0.1967,7.78,4.131e-05,0.079,0.2096,0.000563,0.00888083,0.00617826,0.04090038,0.00047882,0.00128691,0.051026,0.701669,0.00050011,0.00889731,2.7497e-08,0.00028076,0.116005,0.00084253,0.00075118,4.092e-05,0.0059145,1.153,0.002609,0.0290478,0.845,0.01209094,0.00270805,0.00039939,0.0097624,0.123363,0.01601617,7.033e-05,0.04970801,0.118858,0.00411626,0.982182,0.00493978
02/01/2026,2997.98,861.47,126.65,13.55,0.4965,0.0737,1.63,0.1157,0.2008,7.89,4.4e-05,0.0785,0.2131,0.000571,0.00926121,0.00630597,0.04080777,0.00047761,0.00128221,0.04961147,0.708759,0.00050086,0.00901386,2.7543e-08,0.00027861,0.117775,0.00086788,0.00078371,4.038e-05,0.00559693,1.149,0.002637,0.02840738,0.871,0.01206804,0.00271102,0.00039769,0.00987735,0.125584,0.01602995,7.131e-05,0.050418,0.119605,0.00412576,0.974917,0.00492208
03/01/2026,3129.73,883.68,132.7,13.97,0.5304,0.0755,1.696,0.1224,0.2094,8.06,4.9e-05,0.0814,0.23,0.000591,0.00990418,0.00681328,0.04073012,0.00049849,0.00145993,0.052027,0.754989,0.00051959,0.00988156,2.9585e-08,0.00027147,0.118953,0.00090816,0.00082981,4.195e-05,0.0064264,1.164,0.00273,0.02944243,0.916,0.01228273,0.00280664,0.00039765,0.0099267,0.127139,0.01684819,9.365e-05,0.04819189,0.122487,0.00410209,0.99439,0.00510228
04/01/2026,3132.14,898.71,134.49,14.16,0.5876,0.0793,1.738,0.1259,0.2178,8.25,5.798e-05,0.0842,0.2634,0.00066,0.01051952,0.0075685,0.03852223,0.00054353,0.00136445,0.050844,0.784445,0.00060754,0.01012915,2.9177e-08,0.00027095,0.131341,0.00159413,0.00109471,4.461e-05,0.00602662,1.158,0.002889,0.02919269,0.973,0.01196861,0.00289972,0.00041441,0.00980151,0.129562,0.01747539,0.00032996,0.04556969,0.128418,0.00425867,0.985074,0.0053101
05/01/2026,3139.97,894.55,133.94,14.23,0.5739,0.0791,1.724,0.1243,0.216,8.13,5.729e-05,0.0837,0.2644,0.000646,0.01038212,0.00742025,0.03884336,0.00055749,0.00135608,0.0498248,0.776786,0.00060903,0.00996994,2.9038e-08,0.0002829,0.130158,0.00156135,0.00108636,4.455e-05,0.00607749,1.158,0.002851,0.02868837,0.962,0.01214199,0.00280547,0.00041041,0.00980328,0.125811,0.01749177,0.00043801,0.04560366,0.127075,0.00425646,0.987586,0.00538324
06/01/2026,3233.65,911.89,138.58,14.54,0.5896,0.0808,1.776,0.1303,0.2213,8.39,5.781e-05,0.0875,0.2918,0.000634,0.01193339,0.00757059,0.03879164,0.00055984,0.00168259,0.053811,0.78488,0.00062377,0.01028751,2.9279e-08,0.00030632,0.131207,0.00270097,0.00106026,4.492e-05,0.0058597,1.162,0.002934,0.03024124,0.986,0.0126634,0.0027753,0.00041134,0.01019205,0.124934,0.02579314,0.00039542,0.04671236,0.1212,0.00441487,0.990059,0.00554899
07/01/2026,3286.7,919.46,140.92,14.6,0.5898,0.0824,1.808,0.1312,0.2216,8.56,5.693e-05,0.0869,0.2978,0.000635,0.0116533,0.00758114,0.03907684,0.00058815,0.00182143,0.052851,0.780231,0.00070228,0.01047633,3.0641e-08,0.00029761,0.131543,0.00136421,0.00102084,4.591e-05,0.00563813,1.153,0.003062,0.03177052,0.995,0.01285458,0.00274722,0.00044318,0.01026526,0.135655,0.02429641,0.00036354,0.0471506,0.121346,0.00441505,0.976026,0.00523443
08/01/2026,3106.54,888.89,137.78,13.85,0.5466,0.0776,1.685,0.1227,0.2084,8.42,5.347e-05,0.0795,0.2872,0.000599,0.01056906,0.00719376,0.03794976,0.0005725,0.00226768,0.054664,0.714457,0.00060551,0.00999431,3.1524e-08,0.00027379,0.126892,0.00146369,0.00089974,4.289e-05,0.0051437,1.084,0.002769,0.02777667,0.951,0.01314529,0.00266519,0.00040188,0.01023176,0.130526,0.02138709,0.00025559,0.04588277,0.119447,0.00435055,0.905255,0.00475996
09/01/2026,3104.99,892.65,138.91,13.88,0.5585,0.0789,1.691,0.122,0.2085,8.31,5.364e-05,0.0799,0.2812,0.000602,0.01043967,0.00717197,0.03786516,0.00056444,0.00127794,0.054102,0.71889,0.00070146,0.00985639,3.1285e-08,0.00027655,0.126481,0.00147729,0.00091291,4.306e-05,0.00549897,1.087,0.002803,0.02721987,0.952,0.01276885,0.00259324,0.0003951,0.01016319,0.130372,0.020454,0.00025082,0.04632756,0.118939,0.00433553,0.900927,0.00475444
10/01/2026,3087.54,896.29,135.81,13.79,0.5523,0.0782,1.701,0.1211,0.2071,8.18,5.262e-05,0.0796,0.2866,0.000593,0.0104584,0.0071884,0.03735812,0.00055018,0.00172279,0.052231,0.716792,0.00076436,0.00987405,3.0251e-08,0.0002924,0.120037,0.00142914,0.00083502,4.315e-05,0.00562307,1.079,0.00282,0.02744862,0.947,0.01279849,0.00257903,0.00038674,0.0100746,0.13054,0.02047261,0.0002358,0.04567285,0.117647,0.00425933,0.891244,0.0047604
11/01/2026,3086.86,905.25,136.13,13.71,0.5473,0.078,1.689,0.1204,0.2069,8.0,5.15e-05,0.079,0.2804,0.000588,0.01031186,0.0070881,0.03702834,0.0005138,0.001519,0.051721,0.717241,0.00069296,0.00985404,3.0384e-08,0.00027335,0.11601,0.00148023,0.00085736,4.424e-05,0.00546039,1.075,0.002692,0.02935694,0.957,0.01293871,0.00248496,0.00038128,0.00999358,0.130618,0.0202916,0.0002321,0.04492651,0.116045,0.00422411,0.8582,0.00484286
12/01/2026,3100.0,901.45,141.63,13.68,0.5353,0.0758,1.692,0.1198,0.2021,8.0,5.086e-05,0.0769,0.2862,0.000576,0.01007767,0.00693157,0.03682548,0.00057652,0.00147154,0.053713,0.691428,0.00066136,0.00981993,2.922e-08,0.00026724,0.11202,0.00140844,0.00085419,4.235e-05,0.005089,0.999,0.002684,0.0274036,0.918,0.01256735,0.00255211,0.00037375,0.01015566,0.145544,0.02062744,0.00029376,0.03723552,0.110792,0.00496934,0.866779,0.0041066
13/01/2026,3182.3,919.81,143.0,14.5,0.5947,0.0793,1.822,0.1251,0.2155,8.13,5.229e-05,0.0825,0.2852,0.000643,0.01030374,0.00739508,0.03904797,0.00057255,0.00134413,0.054716,0.717611,0.0006553,0.00970328,3.0182e-08,0.00028855,0.116469,0.00145799,0.0008648,4.316e-05,0.00502139,0.924,0.002737,0.02826951,1.043,0.01282494,0.00251922,0.00037065,0.01022467,0.138368,0.01997259,0.00028829,0.03662991,0.112598,0.00545503,0.878908,0.00385413
14/01/2026,3297.1,930.93,144.32,14.55,0.6094,0.0801,1.84,0.1242,0.2217,8.33,5.35e-05,0.0867,0.2923,0.000705,0.01057211,0.00758054,0.03874876,0.00059239,0.00152369,0.062412,0.755513,0.00063698,0.00988261,3.081e-08,0.00028711,0.117971,0.00185021,0.00087394,4.38e-05,0.00520409,0.947,0.002884,0.03178692,1.3,0.01273918,0.00247577,0.00036776,0.01032011,0.137103,0.01979482,0.00028713,0.0381836,0.114269,0.00554495,0.878051,0.00376919
15/01/2026,3357.3,949.74,146.87,14.62,0.5914,0.0788,1.802,0.1243,0.2176,8.2,5.35e-05,0.0854,0.2903,0.000658,0.01064645,0.00744397,0.03878323,0.00054807,0.00123951,0.059908,0.74235,0.00064024,0.00990084,3.0852e-08,0.00026803,0.124119,0.00158508,0.00092521,4.382e-05,0.00488992,1.029,0.002872,0.03107036,1.226,0.01288894,0.00246194,0.00037116,0.01027516,0.131574,0.0195734,0.00028579,0.03761871,0.115926,0.00542482,0.888782,0.00369358
16/01/2026,3316.6,935.81,143.12,13.83,0.5591,0.07453,1.75,0.1208,0.2106,7.97,5.044e-05,0.080576,0.27801,0.00064261,0.01007773,0.00708773,0.03916928,0.00052738,0.00123031,0.054714,0.712732,0.00073668,0.00996644,2.9973e-08,0.00027258,0.121116,0.00154502,0.00088475,4.17e-05,0.00473782,1.015,0.00268758,0.03021633,1.19,0.01264093,0.00221902,0.00035734,0.01019201,0.122713,0.01816196,0.00027717,0.03781867,0.110641,0.00381347,0.863015,0.00588501
17/01/2026,3310.91,943.09,143.82,13.9,0.591905,0.076634,1.8,0.122394,0.22062,8.07,5.129e-05,0.086615,0.284254,0.00065108,0.01036308,0.00814356,0.03961365,0.00052418,0.00129275,0.059023,0.723957,0.00069895,0.01107249,3.1277e-08,0.00026719,0.127501,0.00153103,0.00088897,4.34e-05,0.00482705,1.03,0.00283572,0.03171392,2.15,0.01887894,0.00220186,0.00034294,0.01001826,0.12585,0.01594616,0.00029206,0.03650347,0.111054,0.00368748,0.883809,0.0065212
18/01/2026,3305.35,944.06,142.01,13.62,0.567029,0.075497,1.71,0.119947,0.21305,7.94,4.892e-05,0.08287,0.273458,0.00060834,0.00998033,0.00773319,0.03836312,0.00051875,0.00103667,0.058369,0.714679,0.00081277,0.01020455,3.1295e-08,0.00026655,0.126894,0.0017851,0.00090883,4.161e-05,0.00481893,0.993098,0.00268949,0.03033184,2.07,0.01683467,0.00223745,0.00033921,0.01003369,0.130281,0.01600367,0.00029266,0.03521105,0.110641,0.00368842,0.871741,0.00605331
19/01/2026,3202.94,926.97,133.39,12.66,0.493561,0.067218,1.56,0.109769,0.191999,7.29,4.436e-05,0.07857,0.24373,0.00054041,0.00894786,0.00666829,0.03812152,0.0005,0.00095433,0.054039,0.621453,0.00073253,0.00967307,3.0072e-08,0.00027195,0.135061,0.00155386,0.00082589,3.906e-05,0.00458656,0.964009,0.00238924,0.02754656,1.79,0.01528356,0.00214078,0.00032829,0.00977556,0.111923,0.01349934,0.0002651,0.03855399,0.095039,0.00368976,0.781726,0.00559209
20/01/2026,3105.37,913.33,129.94,12.5,0.482071,0.067029,1.55,0.107771,0.189245,7.11,4.442e-05,0.076413,0.239357,0.00054656,0.00859393,0.0065405,0.03745343,0.00050181,0.00072225,0.055495,0.602889,0.00074063,0.00935988,3.0041e-08,0.00026426,0.147296,0.00148313,0.00081369,3.833e-05,0.00434044,0.942142,0.00238273,0.02642725,1.98,0.01449203,0.00210085,0.00034701,0.01021764,0.111599,0.01315133,0.00023523,0.03571716,0.091353,0.00368472,0.787326,0.00677699
21/01/2026,2964.51,872.12,127.39,12.22,0.476166,0.066767,1.53,0.107394,0.18635,7.22,4.36e-05,0.073154,0.240381,0.00055595,0.00846924,0.00641425,0.03701509,0.00042809,0.00069909,0.056112,0.6017,0.00078923,0.00956502,2.8498e-08,0.00026751,0.136489,0.00130958,0.00075428,3.856e-05,0.00407688,0.927437,0.00237374,0.02547472,2.45,0.01364561,0.00194609,0.00033392,0.01026145,0.11047,0.01313033,0.00018258,0.03427146,0.08989,0.00364585,0.765919,0.00663373
