Data,ETH,BNB,SOL,SUI,MANTRA,NEAR,SEI,GMX,FLOKI,FET,ATH,ASTER,GNS,AXS,L3,RIZ,LINGO,LUMIA,MLC,CARV,MXNA,0g,BLUAI,PUMP
08/09/2025,4304.03,879.44,215.77,,0.053725,2.561,0.308,14.47,9.774e-05,0.651,0.04138119,0.073,2.22,2.492,0.03721402,0.002,0.027,0.31,0.32,0.29,0.0025,,,0.004817
09/09/2025,4309.6857,879.46,215.75,,0.05375,2.562,0.3085,14.47,9.792e-05,0.652,0.04138119,0.073,2.22,2.493,0.03721402,0.002,0.027,0.31,0.32,0.29,0.0025,,,0.004771
10/09/2025,4309.3427,878.23,215.95,,0.053325,2.65,0.3073,14.52,9.603e-05,0.644,0.0431984,0.073,2.223,2.473,0.03721402,0.002,0.027,0.31,0.32,0.29,0.0025,,,0.005252
11/09/2025,4347.4768,897.1,222.84,,0.054625,2.707,0.3202,15.01,9.783e-05,0.659,0.0431885,0.073,2.334,2.56,0.03721402,0.002,0.027,0.31,0.390313,0.311283,0.00306945,,,0.005661
12/09/2025,4459.319,895.85,227.0,,0.053275,2.709,0.3224,14.93,9.7e-05,0.661,0.0463271,0.092203,2.356,2.507,0.03627028,0.00173763,0.0269593,0.332774,0.398027,0.30687,0.00315171,,,0.00606
13/09/2025,4708.8417,924.58,241.54,,0.055125,2.777,0.3425,15.12,0.00010436,0.68,0.054875,0.091849,2.392,2.625,0.03755112,0.00173736,0.02704032,0.342945,0.399645,0.324207,0.00309283,,,0.006899
14/09/2025,4667.6997,942.63,240.43,,0.055825,2.84,0.3477,15.54,0.00010814,0.691,0.053992,0.095364,2.48,2.671,0.03797178,0.00181531,0.0270456,0.346181,0.402874,0.321437,0.00347143,,,0.008122
15/09/2025,4609.7861,928.97,245.39,,0.054325,2.711,0.333,15.22,0.00010186,0.66,0.060728,0.097591,2.375,2.55,0.03763781,0.00181796,0.02703431,0.335094,0.398583,0.309681,0.00331465,,,0.00812
16/09/2025,4524.2449,920.04,233.12,,0.050825,2.608,0.3156,14.9,9.459e-05,0.636,0.063344,0.096815,2.247,2.409,0.0359838,0.00177323,0.02676902,0.312448,0.401906,0.29573,0.00341412,,,0.00825
17/09/2025,4504.2666,954.94,237.94,,0.053025,2.706,0.3179,15.32,9.743e-05,0.643,0.065467,0.095913,2.289,2.48,0.03545325,0.00177002,0.0260057,0.331514,0.437495,0.306103,0.00372334,,,0.007942
18/09/2025,4591.7688,950.59,234.44,,0.05245,2.695,0.3114,15.08,9.622e-05,0.638,0.063025,0.177115,2.223,2.417,0.03396554,0.00172455,0.02567067,0.330719,0.435051,0.305792,0.00476276,,,0.008191
19/09/2025,4590.6367,987.95,247.54,,0.05495,3.188,0.3423,15.94,0.0001019,0.676,0.064222,0.631138,2.282,2.593,0.03530089,0.00171527,0.02490135,0.349235,0.513012,0.320329,0.00398096,,,0.007396
20/09/2025,4470.4795,980.02,237.02,,0.052725,3.129,0.3213,15.16,9.617e-05,0.646,0.061843,0.805083,2.133,2.447,0.03418586,0.00173512,0.02469806,0.329067,0.511773,0.303138,0.00538896,,,0.00709
21/09/2025,4481.7994,1020.12,240.82,,0.0533,3.252,0.3242,16.02,9.865e-05,0.652,0.061821,1.27,2.182,2.47,0.03493943,0.00170946,0.0245727,0.334587,0.511868,0.31043,0.0058184,,,0.007074
22/09/2025,4452.8711,1040.32,239.91,,0.053225,3.172,0.3205,16.12,9.752e-05,0.644,0.061679,1.55,2.171,2.443,0.03471281,0.00175971,0.02457818,0.334178,0.496554,0.307517,0.00509279,,,0.006084
23/09/2025,4199.95177,988.6,220.61,,0.043325,2.957,0.2888,14.7,8.51e-05,0.596,0.060644,1.56,1.915,2.202,0.02992874,0.00167839,0.02363959,0.289274,0.46892,0.29364,0.00498922,,,0.005739
24/09/2025,4166.1905,1015.23,216.72,,0.04225,3.006,0.2912,16.5,8.555e-05,0.592,0.057639,2.05,1.82,2.216,0.02984928,0.00165637,0.02185725,0.293898,0.434393,0.29228,0.00549361,,,0.005822
25/09/2025,4148.6568,1015.89,214.02,,0.0434,3.074,0.2956,18.08,8.621e-05,0.595,0.06271,2.27,1.882,2.233,0.02929389,0.0016578,0.02114798,0.300135,0.475581,0.293883,0.00599682,5.12,,0.005323
26/09/2025,3863.0633,960.05,195.63,,0.03915,2.788,0.2671,16.02,7.878e-05,0.556,0.055794,1.85,1.717,2.034,0.02846907,0.00165352,0.02035852,0.274318,0.414394,0.27238,0.00740022,3.83,,0.005125
27/09/2025,4037.0979,939.93,194.64,,0.0402,2.688,0.2743,16.1,8.132e-05,0.565,0.060958,1.91,1.771,2.08,0.02845372,0.00158792,0.02020509,0.275121,0.416758,0.269536,0.00645327,3.39,,0.005127
28/09/2025,4018.1675,972.18,202.56,,0.041125,2.718,0.2792,16.43,8.253e-05,0.578,0.061793,2.0,1.804,2.169,0.02888391,0.00157932,0.02010814,0.280448,0.43437,0.274634,0.00664852,3.97,,0.005523
29/09/2025,4141.8397,972.57,199.88,,0.04125,2.689,0.2723,15.88,8.021e-05,0.566,0.061615,1.74,1.771,2.101,0.02842579,0.00160986,0.0202163,0.273626,0.407073,0.268845,0.00749228,3.57,,0.0057
30/09/2025,4215.6128,1028.13,214.25,,0.04205,2.811,0.2829,16.58,8.367e-05,0.581,0.056667,1.88,1.9,2.172,0.02942697,0.00161077,0.02041386,0.287102,0.424079,0.265318,0.00802664,2.97,,0.005747
01/10/2025,4144.2304,999.9,205.5,,0.040125,2.575,0.2689,15.28,7.805e-05,0.557,0.0472785,1.75,1.794,2.04,0.02829888,0.00157914,0.02020802,0.274779,0.400124,0.242751,0.00945248,2.48,,0.006518
02/10/2025,4343.9519,1022.5,219.18,,0.043725,2.825,0.2965,15.64,8.494e-05,0.592,0.052306,1.53,1.917,2.224,0.02915297,0.00157469,0.02024567,0.294917,0.402724,0.258116,0.00837731,2.74,,0.007015
03/10/2025,4484.0062,1074.41,232.51,,0.044425,2.95,0.3011,15.81,8.88e-05,0.614,0.052055,1.44,1.977,2.296,0.03061279,0.00158973,0.0202794,0.304404,0.41503,0.263087,0.00951542,2.72,,0.007132
04/10/2025,4515.7591,1090.52,233.04,,0.044275,2.972,0.2988,15.63,8.75e-05,0.606,0.051436,1.83,1.967,2.277,0.03054706,0.00159026,0.02031935,0.300163,0.405242,0.262417,0.00960965,2.73,,0.006693
05/10/2025,4487.7067,1147.58,227.72,,0.0426,2.927,0.2877,15.32,0.00010327,0.583,0.052497,2.12,1.849,2.202,0.03362483,0.00164906,0.02028787,0.289329,0.38956,0.262015,0.00933568,2.96,,0.006754
06/10/2025,4515.3214,1158.4,230.26,,0.044225,3.022,0.2962,15.21,0.00010249,0.596,0.054305,1.85,1.844,2.246,0.03298278,0.00165293,0.02022962,0.291975,0.384098,0.26629,0.00828167,2.98,,0.006389
07/10/2025,4689.1317,1226.34,233.52,,0.044225,3.056,0.3031,14.8,0.00010272,0.588,0.056847,2.08,1.871,2.322,0.03232506,0.00167705,0.02030906,0.291753,0.411497,0.267991,0.01069014,3.06,,0.006384
08/10/2025,4454.3285,1313.0,224.1,,0.042375,2.977,0.2911,14.4,0.00010222,0.562,0.055439,2.11,1.77,2.177,0.03136503,0.00201975,0.02044153,0.272963,0.392847,0.253993,0.0119839,2.88,,0.006138
09/10/2025,4527.578,1274.35,219.07,,0.0415,2.93,0.2817,14.3,9.661e-05,0.555,0.052552,1.92,1.75,2.125,0.02991958,0.00202516,0.02093158,0.268345,0.396391,0.248049,0.0136225,2.8,,0.005728
10/10/2025,4368.6494,1246.91,218.66,,0.040225,2.852,0.2774,13.76,9.304e-05,0.493,0.053616,1.68,1.684,2.185,0.02953883,0.00198268,0.02301034,0.259427,0.448767,0.242381,0.00987445,2.55,,0.00337
11/10/2025,3835.6328,1102.04,184.1,,0.0276,2.486,0.2226,10.62,7.067e-05,0.391,0.04529383,1.36,1.361,1.607,0.02322343,0.0018388,0.01905534,0.163593,0.485325,0.201591,0.00893373,2.34,,0.003941
12/10/2025,3749.2181,1104.22,184.71,,0.0278,2.498,0.2238,10.69,7.129e-05,0.393,0.04537796,1.36,1.363,1.616,0.02329415,0.0018388,0.0190569,0.163389,0.485113,0.201429,0.00893373,2.34,,0.004094
13/10/2025,4159.7293,1297.13,195.92,,0.0287,2.495,0.2334,11.68,7.443e-05,0.394,0.04514056,1.5,1.345,1.717,0.02489802,0.00173996,0.02093986,0.173435,0.453694,0.208487,0.01372848,2.29,,0.004179
14/10/2025,4246.2175,1269.24,206.28,,0.029,2.634,0.2325,11.84,7.621e-05,0.37,0.04810774,1.39,1.465,1.816,0.02634095,0.00164455,0.02078095,0.173493,0.493446,0.206523,0.00872036,2.32,,0.004027
15/10/2025,4128.8884,1217.77,200.04,,0.0345,2.448,0.2246,11.25,7.418e-05,0.3145,0.04395229,1.48,1.391,1.734,0.02484337,0.00162586,0.02010243,0.166402,0.462294,0.19326,0.00904874,2.19,,0.003975
16/10/2025,3983.1544,1151.0,192.75,,0.032975,2.306,0.2142,10.81,7.025e-05,0.2896,0.03677837,1.33,1.359,1.64,0.02490038,0.00157688,0.02014981,0.159658,0.441242,0.177775,0.008092,2.04,,0.003649
17/10/2025,3890.1993,1154.03,184.05,,0.030625,2.209,0.2042,10.39,6.73e-05,0.2728,0.03152847,1.26,1.337,1.574,0.02377574,0.00156547,0.01995035,0.155144,0.448758,0.164904,0.00690285,1.99,,0.003427
18/10/2025,3831.2441,1074.98,181.48,,0.031075,2.168,0.1932,9.89,6.49e-05,0.2681,0.03002161,1.082,1.315,1.541,0.02374023,0.00152296,0.0194793,0.149656,0.43053,0.157763,0.00707494,1.84,,0.003767
19/10/2025,3889.499,1095.89,185.81,,0.0303,2.145,0.1927,10.24,6.483e-05,0.2572,0.02847155,1.18,1.36,1.555,0.02332637,0.00133959,0.01899218,0.149694,0.413903,0.159435,0.00704783,1.85,,0.003944
20/10/2025,3985.0766,1119.23,189.32,,0.03075,2.287,0.1971,10.66,6.758e-05,0.2903,0.02985784,1.22,1.414,1.598,0.02394336,0.00120402,0.0191251,0.155394,0.392434,0.164492,0.00725855,1.84,,0.003988
21/10/2025,3954.65,1095.64,187.71,,0.030725,2.27,0.1978,10.46,8.142e-05,0.2769,0.02851026,1.13,1.407,1.595,0.02366727,0.00121543,0.01913436,0.154003,0.392501,0.160576,0.0069309,1.86,0.02077,0.003911
22/10/2025,3990.58,1088.4,194.03,,0.0305,2.306,0.2,10.56,7.784e-05,0.2588,0.03229475,1.13,1.426,1.642,0.02362103,0.00116051,0.01897298,0.15154,0.419029,0.161154,0.00711013,1.99,0.02077,0.003615
23/10/2025,3844.39,1074.21,184.77,,0.02905,2.213,0.1889,10.24,7.228e-05,0.2438,0.03006497,1.0,1.396,1.562,0.02456874,0.00106888,0.01894405,0.144654,0.39524,0.151217,0.00703884,1.86,0.021983,0.00369
24/10/2025,3828.36,1116.3,189.03,,0.0294,2.187,0.1907,10.37,7.336e-05,0.2497,0.02915377,1.075,1.387,1.561,0.02451311,0.00100072,0.0183971,0.137125,0.397882,0.147748,0.0062835,1.73,0.02201,0.004027
25/10/2025,3944.0,1110.26,193.69,,0.029325,2.271,0.1956,10.73,7.424e-05,0.2673,0.02953507,1.12,1.425,1.607,0.02411402,0.00092323,0.01844561,0.142479,0.39036,0.151567,0.00572085,1.78,0.0262312,0.004129
26/10/2025,3944.76,1115.82,194.08,,0.0291,2.275,0.2007,10.38,7.355e-05,0.2605,0.02820641,1.13,1.433,1.605,0.02421048,0.00103026,0.0182377,0.141765,0.379662,0.156362,0.00575459,1.74,0.02803455,0.004431
27/10/2025,4059.76,1127.07,198.99,,0.029525,2.35,0.2048,10.62,7.415e-05,0.2742,0.03089714,1.14,1.464,1.624,0.02459471,0.00108255,0.01825563,0.144143,0.369564,0.161802,0.00502651,1.78,0.03146386,0.004805
28/10/2025,4155.6,1144.15,199.84,,0.028825,2.351,0.2014,10.47,7.399e-05,0.2674,0.02997828,1.084,1.486,1.597,0.02429572,0.00104412,0.01838226,0.140735,0.333508,0.164113,0.0045964,1.6,0.02132723,0.004841
29/10/2025,4114.24,1134.36,199.39,,0.0285,2.326,0.201,10.44,7.243e-05,0.2649,0.02995279,1.076,1.472,1.585,0.02334043,0.0011529,0.01878229,0.137296,0.330941,0.158757,0.00457789,1.64,0.01901775,0.005
30/10/2025,3892.38,1107.03,192.25,,0.02805,2.302,0.1979,10.21,7.367e-05,0.267,0.0283955,1.038,1.456,1.556,0.02291654,0.00113484,0.01994659,0.134587,0.314843,0.155545,0.00425918,1.51,0.02227777,0.004771
31/10/2025,3893.01,1104.77,193.81,,0.02765,2.272,0.1985,9.97,7.217e-05,0.2612,0.02803811,1.02,1.451,1.525,0.02268752,0.00117023,0.02011528,0.14845,0.313008,0.154596,0.00446724,1.47,0.02234212,0.004461
01/11/2025,3802.9,1078.03,184.52,,0.025525,2.097,0.1842,9.62,6.639e-05,0.2402,0.02477954,0.924927,1.456,1.402,0.02199173,0.00113477,0.01920716,0.129223,0.299428,0.145771,0.00428031,1.17,0.02271059,0.004599
02/11/2025,3875.26,1089.14,186.34,,0.026325,2.175,0.1943,9.88,7.108e-05,0.2489,0.02801916,0.982532,1.523,1.44,0.02102287,0.00112189,0.01894056,0.147871,0.281607,0.163978,0.00488528,1.11,0.02112713,0.004518
03/11/2025,3745.6,1041.9,177.47,,0.024625,2.045,0.181,9.24,6.508e-05,0.232,0.02628956,1.077,1.457,1.346,0.0197034,0.00117743,0.0187495,0.131635,0.258008,0.185913,0.00490828,1.066,0.01611018,0.00405
04/11/2025,3491.4,950.2,158.73,,0.02315,1.859,0.1572,8.66,5.868e-05,0.2084,0.02296337,0.860892,1.378,1.225,0.01708819,0.00118355,0.01742154,0.132748,0.20985,0.182576,0.00485421,1.32,0.01315558,0.003718
05/11/2025,3343.37,949.03,157.89,,0.0232,1.858,0.1616,8.9,5.889e-05,0.213,0.02399694,1.032,1.369,1.213,0.01589439,0.0011038,0.01566443,0.129967,0.217588,0.191913,0.00452892,1.15,0.01299116,0.003947
06/11/2025,3391.7,950.51,159.23,,0.022875,1.909,0.1616,8.86,5.867e-05,0.2158,0.0239329,1.09,1.392,1.171,0.0158029,0.0011166,0.01546438,0.132776,0.21467,0.203066,0.00454706,1.044,0.01590686,0.003915
07/11/2025,3303.31,948.94,155.68,,0.022475,2.146,0.1615,9.01,5.887e-05,0.2365,0.02341814,1.021,1.377,1.249,0.01604365,0.00111973,0.01521059,0.134632,0.241847,0.188742,0.00450256,1.008,0.01656325,0.003958
08/11/2025,3444.24,989.52,162.94,,0.02565,2.846,0.1823,9.75,6.595e-05,0.347,0.0261356,1.15,1.523,1.517,0.01727951,0.00112372,0.01525481,0.194189,0.250877,0.201059,0.00447261,1.11,0.01670837,0.003938
09/11/2025,3406.2,990.42,158.36,,0.024525,2.926,0.1823,9.62,6.266e-05,0.3419,0.0257533,1.043,1.498,1.479,0.01632331,0.00119557,0.0148006,0.172451,0.227429,0.187019,0.00441463,1.5,0.01483634,0.00395
10/11/2025,3576.54,992.06,168.07,,0.025025,2.848,0.1895,10.06,6.45e-05,0.3467,0.0266325,1.079,1.526,1.463,0.01554398,0.00151241,0.01552091,0.169111,0.216497,0.180339,0.00469879,1.5,0.01470815,0.004366
11/11/2025,3464.33,966.2,158.61,,0.0234,2.639,0.1791,9.82,6.093e-05,0.3455,0.02522959,1.079,1.479,1.388,0.01508294,0.0015917,0.01542459,0.163309,0.2158,0.178129,0.00500951,1.37,0.01297702,0.004455
12/11/2025,3432.66,962.23,154.27,,0.023125,2.582,0.1772,9.68,6.055e-05,0.3302,0.02475219,1.1,1.483,1.378,0.01473854,0.00158245,0.01540037,0.163897,0.216104,0.176806,0.00493082,1.46,0.01272837,0.004214
13/11/2025,3526.57,965.1,155.66,,0.02355,2.577,0.1778,9.84,6.142e-05,0.3177,0.02503239,1.13,1.512,1.351,0.01493085,0.00161564,0.01502799,0.159394,0.211226,0.174496,0.00486478,1.33,0.0138041,0.003769
14/11/2025,3526.57,965.1,155.66,,0.02355,2.577,0.1778,9.84,6.142e-05,0.3177,0.02503239,1.13,1.512,1.351,0.01493085,0.00161564,0.01502799,0.159394,0.211226,0.174496,0.00486478,1.33,0.0138041,0.003601
15/11/2025,3103.59,914.75,138.36,,0.020725,2.34,0.1589,8.54,5.399e-05,0.2696,0.02157305,1.093,1.401,1.238,0.01265239,0.00152092,0.01274005,0.13797,0.182222,0.160544,0.00485867,1.2,0.0098299,0.003577
16/11/2025,3159.23,931.62,139.6,,0.02115,2.394,0.1633,8.61,5.492e-05,0.2856,0.02230497,1.12,1.45,1.276,0.01446919,0.00151465,0.01270168,0.14132,0.170766,0.164023,0.0045374,1.42,0.01109683,0.003482
17/11/2025,3185.08,934.09,140.16,,0.0205,2.315,0.1576,8.52,5.418e-05,0.2762,0.02168663,1.25,1.45,1.251,0.01288123,0.00147959,0.01187093,0.142173,0.152366,0.160349,0.00452537,1.23,0.01013916,0.003171
18/11/2025,3015.4,900.52,134.24,,0.01995,2.298,0.1505,8.53,5.244e-05,0.2743,0.02045238,1.25,1.442,1.228,0.01267372,0.00143341,0.0119215,0.139829,0.13874,0.153541,0.00502127,1.17,0.00987547,0.002987
19/11/2025,3122.32,934.62,141.54,,0.02045,2.286,0.1517,8.9,5.421e-05,0.3028,0.02159472,1.36,1.464,1.319,0.01258362,0.00144309,0.01198668,0.14216,0.140247,0.162209,0.00503473,1.23,0.0104705,0.003045
20/11/2025,2833.45,877.96,133.32,,0.0194,2.108,0.1421,8.27,4.805e-05,0.311,0.01879574,1.17,1.41,1.192,0.01178018,0.00150661,0.01042897,0.143412,0.130612,0.140784,0.00661666,1.12,0.0073287,0.0031
21/11/2025,2863.85,875.15,134.84,,0.01985,2.124,0.1438,8.47,4.908e-05,0.321,0.01901013,1.21,1.43,1.209,0.01201336,0.00150726,0.01079709,0.148941,0.134318,0.142642,0.00786772,1.12,0.00776308,0.002808
22/11/2025,2735.63,822.21,125.66,,0.017825,1.844,0.1305,7.8,4.498e-05,0.2764,0.01482131,1.19,1.359,1.075,0.01156998,0.00142563,0.01067525,0.129879,0.127413,0.12811,0.00845152,1.17,0.00741799,0.002692
23/11/2025,2821.05,845.94,130.52,,0.018375,1.883,0.1329,8.28,4.627e-05,0.289,0.01608868,1.19,1.402,1.112,0.01130383,0.00149845,0.01053346,0.134621,0.120978,0.139645,0.00559885,1.27,0.00792038,0.002623
24/11/2025,2821.05,845.94,130.52,,0.018375,1.883,0.1329,8.28,4.627e-05,0.289,0.01608868,1.19,1.402,1.112,0.01130383,0.00149845,0.01053346,0.134621,0.120978,0.139645,0.00559885,1.27,0.00792038,0.002678
25/11/2025,2920.36,861.12,138.06,,0.018725,1.919,0.1365,8.84,4.853e-05,0.2754,0.01610111,1.17,1.448,1.138,0.02102916,0.00149436,0.01050425,0.13552,0.130638,0.143744,0.00537846,1.23,0.00838751,0.002762
26/11/2025,2913.4,855.24,137.13,,0.022275,1.87,0.1354,8.78,4.844e-05,0.2658,0.01602438,1.081,1.45,1.12,0.01492898,0.0015148,0.01135744,0.130948,0.124179,0.137177,0.00521122,1.18,0.00778656,0.002843
27/11/2025,3027.9,891.99,143.06,,0.021725,1.938,0.1406,9.12,4.974e-05,0.2675,0.01659403,1.11,1.484,1.159,0.01468697,0.00149158,0.01138649,0.134587,0.125881,0.138674,0.00496018,1.21,0.0078863,0.002962
28/11/2025,3016.65,889.73,139.68,,0.019925,1.884,0.1379,8.99,4.926e-05,0.2631,0.01558375,1.091,1.488,1.142,0.01362935,0.00145394,0.01116269,0.130296,0.12704,0.150803,0.00494567,1.22,0.00765382,0.003001
29/11/2025,3041.7,888.92,137.9,,0.0208,1.885,0.1384,9.0,4.94e-05,0.2671,0.01549641,1.1,1.498,1.138,0.01359954,0.00142068,0.01092348,0.130904,0.128929,0.145224,0.00497391,1.23,0.00754682,0.00289
30/11/2025,2991.39,874.4,136.06,,0.019725,1.851,0.1353,8.84,4.821e-05,0.2598,0.01553544,1.046,1.468,1.11,0.0153945,0.00137555,0.01086216,0.128748,0.123956,0.139523,0.00496395,1.21,0.00731531,0.002996
01/12/2025,2839.82,825.41,127.15,1.3453,0.018175,1.632,0.1248,8.31,4.277e-05,0.2286,0.01365056,0.985307,1.406,1.003,0.01324472,0.00124996,0.01030369,0.117564,0.119103,0.128832,0.00504873,1.081,0.00694069,0.002769
02/12/2025,2800.5,828.08,126.68,1.6286,0.01825,1.629,0.1233,8.19,4.316e-05,0.232,0.01354073,0.953812,1.395,1.014,0.01324358,0.00124934,0.01121961,0.118489,0.102074,0.135411,0.00506721,1.16,0.00664066,0.003064
03/12/2025,2999.54,877.35,138.86,1.6917,0.018825,1.802,0.1377,8.64,4.792e-05,0.2558,0.01443519,1.014,1.433,1.099,0.01299009,0.00126604,0.01146183,0.123797,0.100177,0.140582,0.00501937,1.19,0.00670507,0.003242
04/12/2025,3176.42,907.34,143.1,1.6585,0.01965,1.868,0.1392,9.05,4.969e-05,0.2576,0.0145267,1.058,1.47,1.121,0.01274875,0.00118868,0.01144532,0.124436,0.098785,0.135603,0.0049335,1.19,0.00711097,0.003184
05/12/2025,3139.7,901.71,139.09,1.5561,0.01885,1.796,0.136,8.71,4.773e-05,0.2497,0.01408109,1.035,1.455,1.084,0.01300282,0.00113929,0.01059641,0.122588,0.073812,0.135436,0.00497846,1.15,0.0066687,0.00299
06/12/2025,3024.47,884.2,133.26,1.5633,0.0186,1.685,0.1269,8.5,4.507e-05,0.2337,0.01368004,1.014,1.391,1.032,0.01215342,0.00113932,0.01098251,0.119116,0.068597,0.131439,0.0047958,1.062,0.00710304,0.002969
07/12/2025,3032.15,890.04,131.56,1.5841,0.01865,1.705,0.128,8.62,4.638e-05,0.2338,0.01406263,0.970891,1.417,1.072,0.01235693,0.00113586,0.01042121,0.121592,0.066183,0.134949,0.00475659,1.032,0.00673863,0.002983
08/12/2025,3135.65,903.12,135.12,1.6103,0.018725,1.734,0.131,8.94,4.679e-05,0.2415,0.01368561,0.956749,1.403,1.047,0.01245406,0.00118339,0.01052066,0.122906,0.061612,0.140614,0.00466369,0.99071,0.00709502,0.003027
09/12/2025,3133.68,900.2,133.68,1.6594,0.018875,1.749,0.132,8.8,4.882e-05,0.2422,0.01359226,0.95,1.394,1.038,0.01203275,0.00113536,0.01056696,0.119985,0.04939097,0.138308,0.00473901,0.999383,0.00757974,0.003082
10/12/2025,3324.2,900.24,138.07,1.6151,0.0192,1.818,0.1382,9.13,5.117e-05,0.2639,0.01370293,0.969438,1.442,1.124,0.01211738,0.00105871,0.01073266,0.125583,0.054637,0.143537,0.00463007,1.039,0.007247,0.002984
11/12/2025,3336.71,899.13,137.28,1.6115,0.01875,1.773,0.148,9.05,4.998e-05,0.2548,0.01353579,0.956467,1.395,1.093,0.01204617,0.00106045,0.01054944,0.120221,0.068891,0.144258,0.00464479,0.994627,0.00680988,0.002818
12/12/2025,3262.01,893.87,139.78,1.5594,0.0184,1.719,0.1343,8.58,4.831e-05,0.246,0.01285207,0.964046,1.365,1.051,0.01194371,0.00098092,0.01047799,0.117708,0.05932,0.149284,0.00462685,0.931038,0.00676129,0.002817
13/12/2025,3091.1,882.93,132.45,1.6052,0.017925,1.634,0.1287,8.45,4.628e-05,0.2401,0.01181416,0.957885,1.307,1.014,0.01179185,0.00093986,0.01025466,0.11416,0.057749,0.143027,0.00458253,0.885813,0.00555886,0.002779
14/12/2025,3118.43,897.98,133.57,1.5516,0.01815,1.662,0.1294,8.55,4.644e-05,0.2457,0.01173335,0.959614,1.324,1.012,0.01168165,0.00092725,0.0101548,0.11421,0.05968,0.141095,0.00455965,0.903555,0.00556385,0.002733
15/12/2025,3152.05,886.13,131.86,1.4708,0.0174,1.614,0.1239,8.55,4.514e-05,0.2386,0.01107037,0.904616,1.308,0.978,0.01149188,0.00090717,0.0101934,0.11041,0.058959,0.133209,0.00439808,0.908868,0.00481285,0.0026
16/12/2025,2921.52,867.18,127.32,1.5119,0.019325,1.553,0.1189,8.12,4.279e-05,0.2219,0.00973707,0.784243,1.261,0.92,0.01107385,0.00081421,0.00973769,0.105704,0.052544,0.126585,0.00428691,0.845868,0.0047036,0.002404
17/12/2025,2954.65,872.89,128.71,1.4227,0.018975,1.569,0.1185,8.06,4.269e-05,0.2205,0.00985818,0.797619,1.263,0.922,0.0110647,0.00081371,0.01028826,0.105902,0.053076,0.126519,0.00436139,0.838471,0.00473134,0.002206
18/12/2025,2954.65,872.89,128.71,1.3465,0.018975,1.569,0.1185,8.06,4.269e-05,0.2205,0.00985818,0.797619,1.263,0.922,0.0110647,0.00081371,0.01028826,0.105902,0.053076,0.126519,0.00436139,0.838471,0.00473134,0.001964
19/12/2025,2975.44,848.02,125.49,1.4194,0.0175,1.534,0.112,8.08,4.163e-05,0.2116,0.00967964,0.723537,1.267,0.866,0.01081294,0.00078455,0.01013025,0.099474,0.04983885,0.139022,0.00390294,0.774619,0.00435217,0.001914
20/12/2025,2982.7,854.69,126.41,1.405,0.017625,1.537,0.1124,8.08,4.158e-05,0.2123,0.00971227,0.714893,1.283,0.874,0.01104926,0.00080889,0.01010692,0.100551,0.050377,0.154243,0.00384365,0.762527,0.00443681,0.001988
21/12/2025,2989.0,852.47,125.37,1.392,0.01745,1.523,0.1107,8.15,4.104e-05,0.2093,0.00991342,0.729996,1.266,0.865,0.01111756,0.00075571,0.01010669,0.099228,0.053325,0.160644,0.00372457,0.792182,0.00439665,0.001942
22/12/2025,3031.0,864.39,125.67,1.41,0.017625,1.561,0.1118,8.24,4.07e-05,0.2082,0.00946996,0.712245,1.302,0.858,0.01102915,0.00076959,0.01013997,0.097386,0.054692,0.16154,0.00362873,0.845921,0.00441363,0.001968
23/12/2025,2956.75,850.09,124.11,1.435,0.01735,1.496,0.1102,8.14,4.009e-05,0.2063,0.00906468,0.695066,1.292,0.821,0.01080388,0.00064373,0.01010553,0.122815,0.056833,0.176522,0.00366987,0.798154,0.00431553,0.001815
24/12/2025,2942.72,846.39,122.49,1.428,0.017725,1.453,0.1089,8.19,4.01e-05,0.2076,0.00969852,0.696193,1.272,0.829,0.01077132,0.00056008,0.00984967,0.108384,0.057728,0.161229,0.00370661,0.789614,0.00453958,0.001734
25/12/2025,2900.0,829.15,119.48,1.415,0.018375,1.436,0.1066,8.47,3.916e-05,0.2017,0.00915384,0.676909,1.229,0.823,0.01110644,0.00055467,0.00951846,0.105464,0.055101,0.151873,0.00386261,1.15,0.00447456,0.001792
26/12/2025,2900.0,829.15,119.48,1.422,0.018375,1.436,0.1066,8.47,3.916e-05,0.2017,0.00915384,0.676909,1.229,0.823,0.01110644,0.00055467,0.00951846,0.105464,0.055101,0.151873,0.00386261,1.15,0.00447456,0.001777
27/12/2025,2933.41,841.12,123.24,1.42,0.0188,1.518,0.1108,8.62,3.997e-05,0.2129,0.0097529,0.714956,1.197,0.844,0.01536282,0.00055931,0.01036618,0.106741,0.054887,0.130472,0.00379221,0.999599,0.00467145,0.001838
28/12/2025,2938.33,842.66,124.23,1.41,0.018725,1.578,0.1165,8.6,4.067e-05,0.217,0.00953881,0.71887,1.138,0.864,0.01324688,0.00057441,0.01024989,0.109558,0.055141,0.129649,0.00378239,1.016,0.0048577,0.001872
29/12/2025,2950.56,859.09,125.33,1.405,0.0185,1.581,0.1149,8.24,4.07e-05,0.2153,0.00939682,0.713522,1.105,0.857,0.01258621,0.00056037,0.01012617,0.107572,0.054008,0.125471,0.00386312,0.945303,0.00467974,0.001839
30/12/2025,2932.88,852.22,123.13,1.41,0.01815,1.521,0.1136,8.12,3.933e-05,0.2099,0.00932678,0.693279,1.121,0.828,0.01469177,0.00040466,0.00991753,0.122689,0.053095,0.124366,0.00386534,1.015,0.00455762,0.00181
31/12/2025,2932.88,852.22,123.13,1.4,0.01815,1.521,0.1136,8.12,3.933e-05,0.2099,0.00932678,0.693279,1.121,0.828,0.01469177,0.00040466,0.00991753,0.122689,0.053095,0.124366,0.00386534,1.015,0.00455762,0.001893
01/01/2026,2986.0,859.34,125.22,1.47,0.01815,1.597,0.1157,7.78,4.131e-05,0.2096,0.00888083,0.701669,1.153,0.845,0.01209094,0.00039939,0.0097624,0.123363,0.04970801,0.118858,0.00411626,0.982182,0.00493978,0.002012
02/01/2026,2997.98,861.47,126.65,1.61,0.018425,1.63,0.1157,7.89,4.4e-05,0.2131,0.00926121,0.708759,1.149,0.871,0.01206804,0.00039769,0.00987735,0.125584,0.050418,0.119605,0.00412576,0.974917,0.00492208,0.002198
03/01/2026,3129.73,883.68,132.7,1.66,0.018875,1.696,0.1224,8.06,4.9e-05,0.23,0.00990418,0.754989,1.164,0.916,0.01228273,0.00039765,0.0099267,0.127139,0.04819189,0.122487,0.00410209,0.99439,0.00510228,0.002273
04/01/2026,3132.14,898.71,134.49,1.69,0.019825,1.738,0.1259,8.25,5.798e-05,0.2634,0.01051952,0.784445,1.158,0.973,0.01196861,0.00041441,0.00980151,0.129562,0.04556969,0.128418,0.00425867,0.985074,0.0053101,0.00233
05/01/2026,3139.97,894.55,133.94,1.9,0.019775,1.724,0.1243,8.13,5.729e-05,0.2644,0.01038212,0.776786,1.158,0.962,0.01214199,0.00041041,0.00980328,0.125811,0.04560366,0.127075,0.00425646,0.987586,0.00538324,0.002382
06/01/2026,3233.65,911.89,138.58,1.9,0.0202,1.776,0.1303,8.39,5.781e-05,0.2918,0.01193339,0.78488,1.162,0.986,0.0126634,0.00041134,0.01019205,0.124934,0.04671236,0.1212,0.00441487,0.990059,0.00554899,0.002519
07/01/2026,3286.7,919.46,140.92,1.82,0.0206,1.808,0.1312,8.56,5.693e-05,0.2978,0.0116533,0.780231,1.153,0.995,0.01285458,0.00044318,0.01026526,0.135655,0.0471506,0.121346,0.00441505,0.976026,0.00523443,0.002484
08/01/2026,3106.54,888.89,137.78,1.82,0.0194,1.685,0.1227,8.42,5.347e-05,0.2872,0.01056906,0.714457,1.084,0.951,0.01314529,0.00040188,0.01023176,0.130526,0.04588277,0.119447,0.00435055,0.905255,0.00475996,0.002216
09/01/2026,3104.99,892.65,138.91,1.81,0.019725,1.691,0.122,8.31,5.364e-05,0.2812,0.01043967,0.71889,1.087,0.952,0.01276885,0.0003951,0.01016319,0.130372,0.04632756,0.118939,0.00433553,0.900927,0.00475444,0.002314
10/01/2026,3087.54,896.29,135.81,1.79,0.01955,1.701,0.1211,8.18,5.262e-05,0.2866,0.0104584,0.716792,1.079,0.947,0.01279849,0.00038674,0.0100746,0.13054,0.04567285,0.117647,0.00425933,0.891244,0.0047604,0.002332
11/01/2026,3086.86,905.25,136.13,1.8,0.0195,1.689,0.1204,8.0,5.15e-05,0.2804,0.01031186,0.717241,1.075,0.957,0.01293871,0.00038128,0.00999358,0.130618,0.04492651,0.116045,0.00422411,0.8582,0.00484286,0.002398
12/01/2026,3100.0,901.45,141.63,1.76,0.01895,1.692,0.1198,8.0,5.086e-05,0.2862,0.01007767,0.691428,0.999,0.918,0.01256735,0.00037375,0.01015566,0.145544,0.03723552,0.110792,0.00496934,0.866779,0.0041066,0.002481
13/01/2026,3182.3,919.81,143.0,1.88,0.019825,1.822,0.1251,8.13,5.229e-05,0.2852,0.01030374,0.717611,0.924,1.043,0.01282494,0.00037065,0.01022467,0.138368,0.03662991,0.112598,0.00545503,0.878908,0.00385413,0.002575
14/01/2026,3297.1,930.93,144.32,1.85,0.020025,1.84,0.1242,8.33,5.35e-05,0.2923,0.01057211,0.755513,0.947,1.3,0.01273918,0.00036776,0.01032011,0.137103,0.0381836,0.114269,0.00554495,0.878051,0.00376919,0.002833
15/01/2026,3357.3,949.74,146.87,1.78,0.0197,1.802,0.1243,8.2,5.35e-05,0.2903,0.01064645,0.74235,1.029,1.226,0.01288894,0.00037116,0.01027516,0.131574,0.03761871,0.115926,0.00542482,0.888782,0.00369358,0.002798
16/01/2026,3316.6,935.81,143.12,1.79,0.0186325,1.75,0.1208,7.97,5.044e-05,0.27801,0.01007773,0.712732,1.015,1.19,0.01264093,0.00035734,0.01019201,0.122713,0.03781867,0.110641,0.00381347,0.863015,0.00588501,0.002867
17/01/2026,3310.91,943.09,143.82,1.79,0.0191585,1.8,0.122394,8.07,5.129e-05,0.284254,0.01036308,0.723957,1.03,2.15,0.01887894,0.00034294,0.01001826,0.12585,0.03650347,0.111054,0.00368748,0.883809,0.0065212,0.002935
18/01/2026,3305.35,944.06,142.01,1.7,0.01887425,1.71,0.119947,7.94,4.892e-05,0.273458,0.00998033,0.714679,0.993098,2.07,0.01683467,0.00033921,0.01003369,0.130281,0.03521105,0.110641,0.00368842,0.871741,0.00605331,0.002717
19/01/2026,3202.94,926.97,133.39,1.57,0.0168045,1.56,0.109769,7.29,4.436e-05,0.24373,0.00894786,0.621453,0.964009,1.79,0.01528356,0.00032829,0.00977556,0.111923,0.03855399,0.095039,0.00368976,0.781726,0.00559209,0.002509
20/01/2026,3105.37,913.33,129.94,1.47,0.01675725,1.55,0.107771,7.11,4.442e-05,0.239357,0.00859393,0.602889,0.942142,1.98,0.01449203,0.00034701,0.01021764,0.111599,0.03571716,0.091353,0.00368472,0.787326,0.00677699,0.002516
21/01/2026,2964.51,872.12,127.39,1.51,0.01669175,1.53,0.107394,7.22,4.36e-05,0.240381,0.00846924,0.6017,0.927437,2.45,0.01364561,0.00033392,0.01026145,0.11047,0.03427146,0.08989,0.00364585,0.765919,0.00663373,0.002566
22/01/2026,2995.31,888.69,129.59,1.5,0.01659425,1.55,0.108299,7.34,4.418e-05,0.241491,0.00883778,0.616331,0.921584,2.51,0.01320532,0.00033039,0.01006735,0.108868,0.0342289,0.090325,0.00361047,0.761402,0.00643492,0.002567
23/01/2026,2941.13,889.85,127.65,1.49,0.0167385,1.52,0.107634,7.28,4.376e-05,0.237351,0.00895421,0.633013,0.92653,2.73,0.01279122,0.00031572,0.00991784,0.107748,0.03344226,0.092117,0.00363285,1.002,0.00652885,0.002446
24/01/2026,2953.35,890.02,126.88,1.48,0.016656,1.51,0.106574,7.31,4.317e-05,0.233459,0.00884681,0.635759,0.92687,2.8,0.01247841,0.00031865,0.00975687,0.109707,0.03308923,0.094386,0.00368024,1.099,0.00767455,0.002579
25/01/2026,2939.18,879.89,126.49,1.4,0.01690825,1.5,0.105626,7.19,4.283e-05,0.226558,0.0091302,0.645629,0.945057,2.32,0.01206209,0.00032493,0.00966321,0.107712,0.03247601,0.098482,0.0037161,0.955251,0.00630271,0.002551
26/01/2026,2895.84,872.25,122.35,1.44,0.0160815,1.46,0.104505,7.11,4.17e-05,0.223119,0.00878308,0.61782,0.941371,2.34,0.011452,0.00030921,0.0094581,0.100181,0.03231132,0.098431,0.00366244,0.888424,0.00704898,0.002615
27/01/2026,2926.52,882.89,124.54,1.44,0.0161895,1.47,0.105784,7.41,4.152e-05,0.220661,0.00891416,0.658825,0.958324,2.6,0.01126144,0.00030948,0.00958716,0.101848,0.03215195,0.09413,0.00372431,0.891767,0.00679697,0.002949
28/01/2026,2998.37,903.23,126.99,1.41,0.01611325,1.47,0.106307,7.54,4.184e-05,0.225684,0.00910325,0.703792,0.97375,2.47,0.01105385,0.00030954,0.01025858,0.098861,0.03177264,0.094114,0.0037156,0.827254,0.00686699,0.003192
29/01/2026,2947.64,902.36,123.24,1.32,0.0155595,1.43,0.104935,7.31,4.036e-05,0.220274,0.00880587,0.649286,0.961064,2.23,0.01079919,0.00031118,0.00998711,0.094509,0.0324562,0.090375,0.00370828,0.779922,0.00684443,0.002923
30/01/2026,2739.89,845.56,115.75,1.27,0.01448125,1.33,0.095469,6.89,3.826e-05,0.207632,0.00818505,0.619958,0.947503,2.13,0.01057178,0.0003266,0.00942443,0.086404,0.03107159,0.082443,0.00372838,0.819843,0.00741743,0.002796
31/01/2026,2662.53,843.73,116.9,1.15,0.01378025,1.3,0.093178,6.93,3.804e-05,0.201691,0.00795238,0.586169,0.931795,1.91,0.01035115,0.0003102,0.00938532,0.087102,0.03171216,0.080461,0.00376867,0.763129,0.00816105,0.002642
01/02/2026,2406.76,776.72,105.05,1.1,0.0132335,1.2,0.087909,6.34,3.493e-05,0.190577,0.00748195,0.556753,0.916348,1.71,0.01024215,0.00031539,0.0091613,0.081759,0.03096075,0.076514,0.00374883,0.702953,0.00713568,0.002602
02/02/2026,2238.68,755.29,101.67,1.15,0.012522,1.16,0.085209,6.01,3.393e-05,0.18216,0.00680518,0.554575,0.92534,1.67,0.00985468,0.00031671,0.00908108,0.078928,0.02851797,0.071513,0.00378394,0.616038,0.00519506,0.002497
03/02/2026,2318.51,779.19,104.4,1.11,0.0126365,1.2,0.090278,6.45,3.562e-05,0.184064,0.00698862,0.587737,0.927615,1.58,0.00981499,0.00030335,0.00940397,0.079212,0.02814394,0.075454,0.00378433,0.619873,0.00611349,0.002433
04/02/2026,2267.44,758.14,97.27,1.08,0.012439525,1.19,0.086828,6.49,3.527e-05,0.185376,0.00675541,0.573066,0.908953,1.58,0.00933827,0.00027723,0.00918153,0.076693,0.02747126,0.072036,0.00375981,0.6316,0.00560583,0.002334
05/02/2026,2108.62,692.74,91.23,0.8805,0.011897195,1.12,0.081234,6.35,3.323e-05,0.17417,0.00650005,0.539514,0.860169,1.56,0.00890969,0.0002505,0.00862865,0.072571,0.02563269,0.068786,0.00373501,0.579927,0.00520367,0.002113
06/02/2026,1877.63,619.55,79.39,1.02,0.01059459,0.978185,0.073272,5.84,2.944e-05,0.154816,0.00560055,0.495758,0.834646,1.3,0.00724743,0.00022069,0.0080399,0.065345,0.02216356,0.058242,0.00373118,0.502081,0.00511232,0.001955
07/02/2026,2016.66,637.42,85.05,1.01,0.011259135,1.055,0.076501,6.06,3.1e-05,0.162564,0.00591599,0.539959,0.869806,1.29,0.00771878,0.00021379,0.00761642,0.066803,0.02293579,0.062691,0.00368867,0.518142,0.00519974,0.002053
08/02/2026,2077.56,640.93,87.11,0.9758,0.01132921,1.061,0.076214,6.19,3.137e-05,0.164906,0.0059149,0.58402,0.897913,1.3,0.00777106,0.00020821,0.00774217,0.067017,0.02325996,0.063992,0.00387502,0.544534,0.00527314,0.002129
09/02/2026,2043.06,624.58,84.47,0.962,0.011297165,1.017,0.075321,6.12,3.031e-05,0.159816,0.00572496,0.610005,0.874876,1.54,0.00743542,0.00020486,0.00870498,0.064419,0.02333431,0.062104,0.00385763,0.533627,0.00562833,0.002073
10/02/2026,2003.08,630.7,84.4,0.9301,0.01108275,1.001,0.073086,6.02,2.985e-05,0.15749,0.00576288,0.646045,0.864839,1.51,0.00755449,0.00030498,0.00850501,0.06286,0.02285854,0.062485,0.00383263,0.530316,0.00623296,0.001955
11/02/2026,1948.3,600.8,80.88,0.892,0.0107072925,0.955341,0.07032,5.89,2.877e-05,0.151555,0.00544119,0.649553,0.80965,1.5,0.00730835,0.00026713,0.00774944,0.060241,0.02235989,0.060146,0.00414907,0.513714,0.00680542,0.001883
12/02/2026,1959.21,611.39,80.39,0.9225,0.0117151175,0.983435,0.072425,6.15,3.015e-05,0.158458,0.0059169,0.699249,0.840249,1.46,0.00779536,0.00025114,0.0081116,0.065766,0.02238577,0.064015,0.00415866,0.676493,0.00672891,0.001926
13/02/2026,1943.41,600.7,79.17,0.9612,0.0114548375,0.981194,0.075384,6.13,2.965e-05,0.158318,0.00584725,0.713037,0.841565,1.35,0.00769513,0.00023317,0.00772577,0.064645,0.02185904,0.063349,0.00414768,0.600679,0.00666133,0.002022
14/02/2026,2073.94,624.07,85.58,1.03,0.0146265,1.032,0.075526,6.38,3.101e-05,0.169871,0.00668631,0.715245,0.887648,1.47,0.0078893,0.00024718,0.00793796,0.068534,0.02201981,0.069918,0.00413608,0.617391,0.00580968,0.002223
15/02/2026,2087.6,637.69,90.81,0.9738,0.01553,1.086,0.078572,6.7,3.447e-05,0.180754,0.00640396,0.73476,0.885705,1.45,0.00795368,0.00024133,0.00793907,0.068945,0.02205786,0.0679,0.0040322,0.683037,0.00578591,0.002276
16/02/2026,1972.46,613.29,85.34,0.99,0.0149175,1.046,0.074566,6.41,3.201e-05,0.172238,0.0060109,0.718863,0.860953,1.36,0.00919952,0.00024603,0.00762158,0.065868,0.02228754,0.064535,0.00410019,0.628577,0.00540444,0.00222
17/02/2026,1984.12,621.94,86.37,0.9684,0.0151875,1.055,0.075052,6.48,3.207e-05,0.17256,0.0059489,0.715763,0.836678,1.39,0.00789187,0.00023533,0.0078698,0.069734,0.02235869,0.063926,0.00405086,0.653188,0.00539756,0.002208
18/02/2026,2027.7,624.3,85.69,0.9304,0.014615,1.053,0.075309,6.6,3.211e-05,0.17281,0.00607552,0.716478,0.848159,1.35,0.0079649,0.00022744,0.00788464,0.06863,0.02233393,0.065059,0.00407778,0.659738,0.00533756,0.002114
19/02/2026,1971.57,607.17,82.03,0.9276,0.015235,1.011,0.072215,6.4,3.041e-05,0.163832,0.00565371,0.695895,0.717736,1.23,0.00764446,0.00022137,0.00802143,0.063823,0.02222147,0.061784,0.00435612,0.610229,0.00533347,0.00203
20/02/2026,1962.97,612.89,83.56,0.955,0.01770375,1.015,0.070567,6.8,3.008e-05,0.164255,0.00555108,0.704549,0.709739,1.31,0.00763634,0.00022174,0.00787705,0.065117,0.02326061,0.060105,0.00430212,0.655974,0.0050976,0.002094
21/02/2026,1964.71,626.71,84.35,0.9499,0.01628875,1.071,0.070915,6.79,3.076e-05,0.166383,0.00563749,0.729275,0.743052,1.32,0.00741983,0.00022642,0.00873915,0.064722,0.02402317,0.067657,0.00432759,0.706873,0.00516754,0.00212
22/02/2026,1975.8,622.4,85.11,0.9244,0.017584,1.033,0.069987,6.46,2.963e-05,0.162484,0.00543553,0.708566,0.792903,1.31,0.00760532,0.00022053,0.00873922,0.061336,0.0240537,0.063348,0.0042948,0.652755,0.00530368,0.002067
23/02/2026,1880.81,597.74,78.78,0.8793,0.01694575,0.999409,0.067341,6.17,2.839e-05,0.156014,0.00515278,0.700745,0.756707,1.24,0.00717067,0.00020736,0.00860024,0.058703,0.02392466,0.060692,0.00429491,0.650595,0.00501806,0.001906
24/02/2026,1833.22,591.65,76.95,0.8601,0.015187,0.976452,0.065272,6.14,2.775e-05,0.151948,0.00491046,0.696745,0.746062,1.21,0.00676619,0.00020497,0.00840861,0.057064,0.02371417,0.055855,0.00420388,0.621306,0.00503628,0.001755
25/02/2026,1898.86,598.64,82.4,0.967,0.0157305,0.996403,0.067881,6.6,2.85e-05,0.154918,0.00513662,0.694643,0.787089,1.29,0.0072267,0.0002162,0.00854222,0.059231,0.02290344,0.05845,0.00422217,0.64826,0.00516302,0.001824
26/02/2026,2048.4,627.51,87.59,0.9375,0.01684025,1.13,0.070778,7.03,2.997e-05,0.165494,0.00523064,0.710469,0.825676,1.34,0.00729809,0.00020942,0.00882197,0.061035,0.02190557,0.064985,0.00422909,0.653552,0.00520082,0.001824
27/02/2026,2035.77,627.59,87.64,0.8999,0.0160015,1.14,0.071949,6.93,3.002e-05,0.166063,0.00521677,0.702656,0.829284,1.39,0.00726126,0.00021042,0.00861061,0.06129,0.02150886,0.062002,0.00418198,0.664322,0.00516157,0.00187
28/02/2026,1857.78,593.65,78.5,0.904,0.01593875,1.051,0.065629,6.48,2.69e-05,0.148507,0.00577554,0.685202,0.785524,1.25,0.00701309,0.00020165,0.008402,0.056041,0.02071811,0.05917,0.00414665,0.605202,0.0047881,0.001826
01/03/2026,2007.34,626.07,86.67,0.9311,0.01768725,1.21,0.069847,6.95,2.826e-05,0.158809,0.00625335,0.718521,0.802138,1.34,0.00737546,0.00020072,0.00909878,0.061003,0.02084921,0.06188,0.00412709,0.657793,0.00502951,0.001907
02/03/2026,1928.15,613.57,82.57,0.882999,0.01768725,1.18,0.068112,6.72,2.715e-05,0.147324,0.0059556,0.693327,0.777701,1.25,0.00698512,0.00020341,0.00871397,0.058014,0.02037744,0.064643,0.00413775,0.609346,0.00484359,0.001991
03/03/2026,1985.56,630.28,85.08,0.908393,0.01514165,1.36,0.068226,6.98,2.769e-05,0.147042,0.00616016,0.693404,0.795383,1.23,0.0069934,0.00020556,0.00885952,0.061969,0.0202879,0.059373,0.00410608,0.628083,0.00476214,0.001935
04/03/2026,2004.75,639.69,87.15,0.915599,0.01514165,1.36,0.067474,7.4,2.826e-05,0.14945,0.00601253,0.699406,0.80342,1.19,0.00715231,0.00019742,0.00875862,0.062371,0.02064442,0.060498,0.00413488,0.610782,0.00427643,0.002
05/03/2026,2096.53,650.33,89.96,0.945152,0.02363189,1.29,0.067649,7.23,2.894e-05,0.152392,0.0066761,0.715571,0.805771,1.2,0.00695801,0.00020787,0.00907738,0.062232,0.02086376,0.060584,0.00412533,0.610646,0.00452241,0.002053
06/03/2026,1959.46,626.35,84.07,0.894065,0.01815575,1.23,0.065748,6.86,2.757e-05,0.144848,0.00643056,0.689554,0.774376,1.15,0.00702156,0.00021916,0.0088285,0.062171,0.02034401,0.058384,0.00410721,0.599798,0.00480623,0.001968
07/03/2026,1983.63,627.93,84.22,0.902975,0.01763019,1.22,0.065944,6.91,2.779e-05,0.144672,0.00606172,0.695914,0.77636,1.14,0.00695239,0.00021352,0.0088141,0.059349,0.02087556,0.060432,0.00410966,0.608781,0.00486023,0.0019
08/03/2026,1950.11,618.35,82.77,0.890991,0.01782939,1.2,0.063782,6.35,2.735e-05,0.141907,0.00602352,0.684969,0.772586,1.12,0.00685129,0.00021142,0.00865434,0.060644,0.02224894,0.056603,0.00412368,0.569341,0.00486082,0.001931
09/03/2026,1997.13,625.86,83.69,0.907059,0.01784254,1.25,0.06274,6.38,2.802e-05,0.144104,0.00598887,0.704758,0.786808,1.13,0.00692087,0.00020395,0.00857585,0.062055,0.02024203,0.05621,0.00410519,0.562131,0.00512315,0.001966
10/03/2026,2062.25,647.26,87.07,0.957321,0.01813344,1.28,0.064936,6.66,2.889e-05,0.147947,0.00595679,0.705497,0.798916,1.13,0.00700578,0.00020403,0.008714,0.062056,0.01931445,0.056514,0.0041029,0.568861,0.00509307,0.002031
11/03/2026,2011.29,640.33,85.25,0.947807,0.01693549,1.28,0.062101,6.29,2.875e-05,0.157289,0.0057396,0.693178,0.776141,1.13,0.00694646,0.00020795,0.0086685,0.06563,0.01937603,0.056418,0.00417502,0.559245,0.00704305,0.002016
12/03/2026,2044.7,647.36,85.89,0.980962,0.01614003,1.32,0.062891,6.35,2.916e-05,0.158074,0.00586382,0.703966,0.826307,1.12,0.00701402,0.00020801,0.00876516,0.064296,0.0193861,0.057123,0.00422597,0.575646,0.00742041,0.002049
13/03/2026,2097.0,663.05,88.69,1.026,0.01607922,1.33,0.066689,6.41,2.998e-05,0.179096,0.00594185,0.708825,0.837534,1.16,0.00702587,0.00021283,0.00868828,0.06621,0.01850762,0.057654,0.00414525,0.590141,0.00762152,0.002077
14/03/2026,2077.89,653.43,87.4,0.987064,0.01523129,1.32,0.065867,6.58,2.959e-05,0.178367,0.00590662,0.693849,0.831162,1.25,0.00684335,0.00021145,0.00872687,0.067063,0.0178301,0.05733,0.00409737,0.579428,0.00773378,0.001986
15/03/2026,2110.48,662.38,88.39,1.003,0.01541832,1.34,0.066195,6.77,2.977e-05,0.186804,0.00647168,0.715183,0.843318,1.24,0.00700205,0.00020826,0.00873362,0.066806,0.01791487,0.05688,0.00400068,0.578856,0.00697596,0.001973
16/03/2026,2241.81,675.79,93.0,1.058,0.01516794,1.38,0.068497,6.69,3.213e-05,0.212649,0.00639086,0.723393,0.857439,1.24,0.00715291,0.00020611,0.00889256,0.06844,0.01821154,0.058895,0.00402319,0.582757,0.00668368,0.002056
17/03/2026,2322.62,674.61,94.62,1.029,0.01520556,1.47,0.068673,7.02,3.161e-05,0.23526,0.00653545,0.736393,0.874702,1.23,0.00722343,0.00020369,0.00880412,0.068253,0.01795187,0.060174,0.00405603,0.588257,0.00639546,0.002103
18/03/2026,2321.49,674.77,94.16,1.029,0.01474708,1.44,0.06876,6.74,3.144e-05,0.225676,0.00678181,0.738183,0.873916,1.25,0.00719801,0.00021058,0.00883476,0.070112,0.01817027,0.062022,0.0040154,0.584275,0.00631339,0.00204
19/03/2026,2159.43,644.33,89.3,0.958981,0.01380561,1.35,0.064005,6.54,2.955e-05,0.212258,0.00691285,0.683798,0.810799,1.2,0.00710453,0.00020336,0.00873442,0.066656,0.01763709,0.056936,0.00401719,0.546905,0.00597586,0.001898
20/03/2026,2166.27,646.41,89.97,0.977465,0.01427541,1.35,0.064077,6.55,3.013e-05,0.232262,0.00735881,0.689224,0.815203,1.24,0.00779246,0.00019754,0.00863225,0.067684,0.01639927,0.058954,0.00402162,0.538849,0.00615259,0.00188
21/03/2026,2153.47,642.83,90.0,0.963409,0.01388286,1.32,0.063187,6.51,2.979e-05,0.232502,0.00789303,0.689413,0.796539,1.2,0.00791396,0.00019767,0.00843207,0.06929,0.0159323,0.059328,0.00400233,0.532292,0.00624385,0.001852
22/03/2026,2083.44,630.11,87.26,0.926479,0.01294266,1.29,0.060919,6.34,2.863e-05,0.219586,0.00783855,0.668464,0.770422,1.12,0.008193,0.00019821,0.00835289,0.071043,0.01660271,0.057262,0.00395121,0.514369,0.00625026,0.001796
23/03/2026,2053.02,625.01,86.19,0.898604,0.01244292,1.27,0.059191,6.19,2.835e-05,0.206184,0.00697972,0.66024,0.767102,1.075,0.00860104,0.00019377,0.00846524,0.071929,0.01590358,0.054003,0.0039994,0.524961,0.00850574,0.001792
24/03/2026,2160.55,635.5,91.53,0.957336,0.01227553,1.32,0.060954,6.5,2.97e-05,0.238043,0.00725543,0.659658,0.789458,1.13,0.00888217,0.00018592,0.00856222,0.073173,0.01586966,0.056034,0.00403472,0.529718,0.00723312,0.001795
25/03/2026,2185.67,648.04,92.35,0.965318,0.01237145,1.29,0.061736,6.63,3.093e-05,0.252658,0.00741583,0.67122,0.795278,1.13,0.0107509,0.00018241,0.00851677,0.071738,0.0155327,0.056526,0.00398554,0.521526,0.00619224,0.001873
26/03/2026,2115.21,632.66,88.72,0.936707,0.01261209,1.23,0.059449,6.39,2.922e-05,0.242096,0.0076122,0.660431,0.763168,1.085,0.01083618,0.00017796,0.00838854,0.071018,0.01529949,0.056668,0.00397824,0.497679,0.00740836,0.001831
27/03/2026,2040.01,621.51,85.28,0.916902,0.01256955,1.23,0.057546,6.27,2.89e-05,0.235602,0.00761122,0.661276,0.749439,1.13,0.00985469,0.00016258,0.0080605,0.071083,0.01520892,0.056925,0.00398843,0.478243,0.00813041,0.001742
28/03/2026,2005.57,613.46,83.53,0.886231,0.01195874,1.17,0.055005,6.25,2.793e-05,0.23392,0.00712196,0.662205,0.72796,1.17,0.00947457,0.00015658,0.00785458,0.076921,0.01499607,0.05393,0.00384614,0.474642,0.00641587,0.001725
29/03/2026,2003.34,613.5,82.4,0.862926,0.01151669,1.16,0.05369,6.24,2.76e-05,0.23892,0.00699717,0.658794,0.7202,1.14,0.00980906,0.00014935,0.00804362,0.072254,0.01519439,0.053951,0.00374396,0.473667,0.00555572,0.00168
30/03/2026,2060.23,619.3,84.43,0.88258,0.01151378,1.22,0.053664,6.27,2.837e-05,0.247506,0.00703879,0.666052,0.724554,1.14,0.00956457,0.00014703,0.00811647,0.064703,0.01455301,0.053862,0.00382776,0.482542,0.00499424,0.001687
31/03/2026,2040.82,607.27,82.62,0.865611,0.01120059,1.18,0.051045,6.29,2.768e-05,0.230643,0.00674609,0.667104,0.722496,1.11,0.00946086,0.00014239,0.00837688,0.064054,0.01444655,0.05387,0.00380033,0.483288,0.00596737,0.001651
01/04/2026,2138.55,616.47,83.78,0.901238,0.01133092,1.22,0.054896,6.41,2.836e-05,0.243589,0.00721453,0.675105,0.741747,1.16,0.0096729,0.00013123,0.00827524,0.066287,0.01439271,0.05599,0.00369732,0.498519,0.00621609,0.001689
02/04/2026,2047.76,589.01,79.15,0.855131,0.01076716,1.16,0.052103,6.19,2.669e-05,0.228709,0.00674503,0.672892,0.719294,1.09,0.00863497,0.00012943,0.00821315,0.069918,0.01417877,0.054101,0.00357006,0.503315,0.00682745,0.001638
03/04/2026,2063.16,585.67,79.83,0.877414,0.01086696,1.22,0.053745,6.17,2.725e-05,0.229737,0.00679423,0.662804,0.731751,1.13,0.00883946,0.0001263,0.00803708,0.073624,0.01271308,0.054596,0.00358261,0.527558,0.00691844,0.001654
04/04/2026,2054.44,591.22,80.27,0.870058,0.01062846,1.23,0.054228,5.99,2.674e-05,0.238096,0.00650871,0.662288,0.721696,1.11,0.00920574,0.00012624,0.00792735,0.073206,0.01248837,0.054669,0.00325134,0.50604,0.00691545,0.001661
05/04/2026,2036.9,591.91,79.64,0.852103,0.01034902,1.24,0.052621,5.99,2.664e-05,0.226932,0.00658414,0.668854,0.702022,1.098,0.01943897,0.00012408,0.00795186,0.072551,0.01249712,0.058942,0.00329931,0.495283,0.00711874,0.001663
06/04/2026,2138.32,604.26,81.98,0.891492,0.01057548,1.28,0.053928,6.01,2.742e-05,0.238064,0.00678229,0.670406,0.732293,1.11,0.01817945,0.00012543,0.00804913,0.075767,0.01268007,0.057734,0.00330992,0.497811,0.00700326,0.001719
07/04/2026,2113.66,601.6,80.08,0.875511,0.01067079,1.24,0.052696,6.11,2.686e-05,0.234731,0.006591,0.669333,0.722021,1.11,0.01093898,0.00012326,0.00791708,0.075273,0.01266084,0.055309,0.00335197,0.508405,0.00702373,0.001775
08/04/2026,2255.71,613.56,84.51,0.951999,0.01095729,1.35,0.057493,6.14,2.87e-05,0.253094,0.00677909,0.680544,0.750214,1.15,0.01722311,0.00012427,0.00802408,0.077786,0.01294275,0.057883,0.0034035,0.5425,0.00885921,0.001811
09/04/2026,2185.78,600.81,82.46,0.90981,0.01059054,1.35,0.055201,5.71,2.773e-05,0.239654,0.00603664,0.661374,0.731888,1.11,0.01452505,0.00012975,0.00776657,0.080403,0.01288756,0.05763,0.00361074,0.524585,0.00870847,0.001794
10/04/2026,2185.43,600.36,82.88,0.929929,0.01061261,1.35,0.056486,5.79,2.841e-05,0.236516,0.00613394,0.664781,0.717698,1.11,0.01208656,0.00012974,0.00774593,0.07906,0.01268819,0.055195,0.00362912,0.52983,0.00839256,0.001841
11/04/2026,2234.57,606.29,84.38,0.935439,0.01062662,1.34,0.055675,6.0,2.91e-05,0.235869,0.00602519,0.669765,0.723383,1.12,0.01227075,0.00013083,0.00785246,0.078028,0.01259847,0.054653,0.00363002,0.542167,0.00786552,0.001889
12/04/2026,2215.0,593.84,82.34,0.912909,0.01041504,1.34,0.054086,6.02,2.792e-05,0.23661,0.0057684,0.664683,0.708542,1.095,0.01167008,0.0001323,0.00795136,0.076504,0.01223801,0.054073,0.00362675,0.534606,0.00897446,0.001839
13/04/2026,2184.56,596.24,81.84,0.900587,0.01063405,1.38,0.053948,5.88,2.751e-05,0.228342,0.00600185,0.656335,0.689429,1.065,0.01111899,0.00013527,0.00788702,0.083754,0.01265779,0.0513,0.00363317,0.606466,0.00865442,0.001851
14/04/2026,2378.9,616.91,85.85,0.944145,0.01063019,1.44,0.055587,6.06,2.876e-05,0.23785,0.00618668,0.670148,0.72452,1.12,0.01133351,0.00013686,0.00808408,0.086315,0.01239543,0.053701,0.00356482,0.587621,0.00896614,0.001895
15/04/2026,2322.15,612.05,83.01,0.933421,0.01050761,1.35,0.054005,6.1,2.803e-05,0.225546,0.00612803,0.661534,0.71243,1.11,0.01133556,0.00012905,0.00799903,0.084596,0.01215723,0.053641,0.00361652,0.593799,0.00912481,0.001889
16/04/2026,2340.53,622.08,85.22,0.974131,0.01084272,1.43,0.056967,6.17,3.008e-05,0.231933,0.00618046,0.670671,0.70674,1.14,0.01071341,0.0001361,0.00791672,0.088036,0.01280257,0.055053,0.00388642,0.601441,0.00868772,0.001966
17/04/2026,2337.96,628.53,88.39,0.99373,0.01119376,1.42,0.058042,6.81,3.164e-05,0.231656,0.00629734,0.681295,0.699461,1.17,0.0108943,0.0001247,0.00780347,0.103654,0.01290823,0.060334,0.00384937,0.624606,0.00881625,0.002008
18/04/2026,2404.11,643.71,88.39,1.007,0.0114406,1.42,0.058326,6.73,3.241e-05,0.231378,0.00638678,0.690807,0.730954,1.21,0.01091148,0.00013252,0.00797569,0.117216,0.01159464,0.060144,0.00384646,0.604979,0.00980826,0.002002
19/04/2026,2316.8,620.0,84.89,0.945074,0.01046334,1.34,0.055238,6.33,3.022e-05,0.216078,0.00588236,0.668848,0.693154,1.1,0.01046151,0.00013625,0.00784623,0.11187,0.01123258,0.05696,0.0038771,0.575656,0.00907199,0.00183467
20/04/2026,2294.45,623.82,84.68,0.938982,0.01024,1.34,0.055,6.32,3.133e-05,0.207608,0.00584216,0.678377,0.6731,1.096,0.0106104,0.00013572,0.00758868,0.113193,0.01101519,0.054794,0.0040044,0.580145,0.00919536,0.00180509
21/04/2026,2322.77,634.42,85.9,0.953376,0.01025113,1.38,0.056221,6.4,3.155e-05,0.213457,0.00588677,0.680262,0.692492,1.1,0.0104694,0.00012838,0.00751791,0.111511,0.0110138,0.056257,0.00398483,0.575022,0.01097957,0.0018452
22/04/2026,2388.45,642.29,87.89,0.968505,0.0104534,1.41,0.06104,6.78,3.261e-05,0.215336,0.00608966,0.687271,0.700231,1.13,0.01046366,0.00012118,0.0075592,0.118938,0.01119528,0.059285,0.00393413,0.588148,0.01078498,0.00191091
23/04/2026,2340.13,635.84,85.76,0.939546,0.01020663,1.39,0.061533,7.04,3.295e-05,0.208865,0.00584803,0.672063,0.691611,1.1,0.01048083,0.00011834,0.00752143,0.121473,0.01139307,0.056354,0.00397168,0.57016,0.01112251,0.00180464
24/04/2026,2318.27,638.0,85.51,0.946504,0.01034728,1.41,0.062557,6.83,3.354e-05,0.209792,0.0060896,0.67105,0.701307,1.41,0.01042046,0.00012908,0.0073662,0.134792,0.01128986,0.05792,0.00385772,0.577422,0.01050226,0.00179638
25/04/2026,2317.27,637.21,86.41,0.95032,0.01033518,1.42,0.062249,6.91,3.298e-05,0.209729,0.00609115,0.665795,0.702577,1.47,0.010205,0.00015401,0.00784424,0.135013,0.01120774,0.061202,0.00383841,0.566316,0.01091275,0.00176033
26/04/2026,2332.33,631.97,86.58,0.947531,0.01031756,1.41,0.060822,7.0,3.257e-05,0.211414,0.00608475,0.659198,0.700629,1.41,0.01044275,0.00025623,0.00812277,0.13529,0.01121773,0.060794,0.00381043,0.560424,0.01097349,0.00174926
27/04/2026,2319.7,628.36,85.52,0.929419,0.01030633,1.37,0.060426,7.28,3.214e-05,0.208866,0.00583093,0.648367,0.687642,1.37,0.01031959,0.00024164,0.00796142,0.156394,0.01126837,0.057479,0.00377588,0.526096,0.01115322,0.00177309
28/04/2026,2286.48,624.72,83.91,0.926711,0.01050919,1.35,0.05972,7.18,3.212e-05,0.202174,0.00588284,0.636455,0.692205,1.42,0.01158003,0.00024508,0.00799502,0.171781,0.01116252,0.057679,0.00376619,0.556765,0.0113217,0.00178118
29/04/2026,2329.45,627.27,85.01,0.930892,0.01069863,1.36,0.059728,7.37,3.35e-05,0.202075,0.00595645,0.669333,0.647231,1.43,0.01347173,0.0002297,0.00794044,0.189202,0.01102822,0.057705,0.00382815,0.553447,0.01139323,0.00187422
30/04/2026,2257.14,616.61,83.12,0.906916,0.01024353,1.32,0.057373,7.23,3.242e-05,0.196018,0.00582688,0.656198,0.526213,1.39,0.01230622,0.00018769,0.00796931,0.158763,0.01108388,0.056567,0.00369314,0.548125,0.01334112,0.00174951
01/05/2026,2284.44,618.13,84.14,0.916123,0.00975797,1.3,0.057697,7.39,3.261e-05,0.198634,0.00582546,0.654849,0.514525,1.41,0.01246123,0.00018134,0.00802276,0.166386,0.01138086,0.055373,0.00374066,0.528435,0.01403653,0.00181187
02/05/2026,2300.5,615.36,83.67,0.917423,0.01102222,1.29,0.057684,7.06,3.211e-05,0.198612,0.00579224,0.655168,0.53222,1.38,0.01216755,0.00016809,0.0079854,0.171409,0.01128741,0.057323,0.00373511,0.529033,0.01149898,0.00181157
03/05/2026,2310.04,617.6,83.93,0.918089,0.01020124,1.28,0.058135,7.05,3.189e-05,0.208778,0.00587043,0.675588,0.540203,1.35,0.012058,0.00017119,0.00797514,0.160666,0.01160317,0.057672,0.00365336,0.53257,0.01299692,0.00180059
04/05/2026,2360.51,628.34,84.76,0.941028,0.01020385,1.28,0.059529,7.12,3.228e-05,0.207669,0.00625899,0.681317,0.547891,1.32,0.01159781,0.00015406,0.00795769,0.15516,0.0113071,0.057436,0.00371883,0.537697,0.01344421,0.00184239
05/05/2026,2372.19,627.1,84.67,0.948043,0.01011303,1.27,0.059594,7.33,3.308e-05,0.209071,0.0061959,0.67607,0.542562,1.35,0.01144762,0.00017628,0.00796722,0.142451,0.01129737,0.057919,0.00370716,0.535651,0.01383189,0.00184295
06/05/2026,2391.97,644.21,88.84,1.015,0.01046126,1.42,0.061687,7.46,3.408e-05,0.224763,0.00687284,0.688825,0.553905,1.37,0.01123722,0.000167,0.00777255,0.127883,0.01117006,0.060352,0.00366909,0.555299,0.01544118,0.00194057
07/05/2026,2332.7,649.46,89.44,0.992506,0.01022049,1.48,0.061523,7.29,3.479e-05,0.228025,0.0066745,0.674028,0.55827,1.38,0.0111634,0.00017765,0.0078238,0.115368,0.01209027,0.060459,0.00366919,0.556241,0.01564147,0.00205225
08/05/2026,2281.68,636.3,88.21,0.968975,0.01036695,1.54,0.061855,7.16,3.548e-05,0.223733,0.00682248,0.663285,0.564936,1.38,0.01118117,0.00021812,0.00769881,0.113112,0.01248622,0.06132,0.00365317,0.557952,0.01428142,0.00201452
09/05/2026,2317.61,650.15,93.77,1.077,0.01096016,1.58,0.067386,7.55,3.66e-05,0.237554,0.00686881,0.716622,0.5762,1.45,0.01140553,0.0001822,0.00769638,0.117604,0.01239384,0.062822,0.00365023,0.579848,0.01407814,0.00218432
10/05/2026,2328.84,649.89,93.9,1.13,0.01088156,1.58,0.068449,7.82,3.633e-05,0.234541,0.00673214,0.701267,0.577802,1.43,0.01117177,0.00021175,0.00776849,0.123114,0.0125957,0.066092,0.00365018,0.574625,0.01478001,0.00218235
11/05/2026,2337.58,653.75,95.45,1.27,0.01099685,1.57,0.074408,7.64,3.714e-05,0.240106,0.00723964,0.692783,0.589934,1.44,0.01119426,0.00021591,0.00775725,0.124362,0.01270163,0.06876,0.0036528,0.571041,0.01284602,0.00211745
12/05/2026,2283.82,658.95,95.48,1.27,0.01160193,1.58,0.071702,7.46,3.587e-05,0.228238,0.00711237,0.682286,0.597735,1.39,0.01123152,0.0002592,0.00775605,0.124553,0.02811287,0.066496,0.00373142,0.559339,0.01168957,0.00201623
13/05/2026,2319.68,684.89,95.71,1.25,0.01125456,1.61,0.070655,7.34,3.676e-05,0.226565,0.00713045,0.681949,0.607175,1.37,0.01117208,0.00024854,0.00794832,0.127497,0.02113856,0.06728,0.00396447,0.558604,0.01190363,0.00201349
14/05/2026,2267.53,670.08,91.01,1.19,0.0107454,1.58,0.06644,6.93,3.42e-05,0.211517,0.00651296,0.675078,0.560954,1.26,0.01090321,0.00023049,0.00786539,0.114316,0.02019026,0.061581,0.00404495,0.541034,0.01285873,0.00185155
15/05/2026,2256.65,682.51,91.24,1.14,0.01042765,1.55,0.065919,7.12,3.409e-05,0.210221,0.00647062,0.670936,0.561835,1.24,0.01080702,0.00023444,0.00786134,0.108829,0.01896302,0.061514,0.00409097,0.545085,0.01309357,0.00185918
16/05/2026,2194.71,661.25,87.49,1.067,0.00976962,1.5,0.062181,6.8,3.183e-05,0.19724,0.00589625,0.667142,0.529193,1.17,0.01127465,0.0002249,0.00788608,0.106009,0.01898156,0.05537,0.00400095,0.498983,0.01521821,0.00174448
17/05/2026,2185.04,653.68,86.74,1.07,0.00975673,1.53,0.063095,6.73,3.18e-05,0.196114,0.00596464,0.665986,0.520364,1.17,0.0114404,0.00024669,0.00787311,0.1013,0.01889806,0.056029,0.00424905,0.49885,0.01553455,0.00173923
18/05/2026,2114.33,638.3,84.29,1.031,0.00913738,1.51,0.059972,6.6,2.992e-05,0.187442,0.00564907,0.648623,0.476207,1.13,0.01096061,0.0002288,0.00772142,0.096903,0.01889128,0.052102,0.00432451,0.483996,0.01587841,0.00168632
19/05/2026,2116.94,640.0,84.63,1.067,0.00907809,1.62,0.060655,6.73,3.006e-05,0.192272,0.00586786,0.654879,0.489115,1.19,0.01077981,0.00020383,0.00772027,0.095993,0.01917774,0.052536,0.00484587,0.48892,0.01339706,0.00170392
20/05/2026,2129.95,643.67,84.88,1.056,0.00901709,1.64,0.060648,6.71,3.038e-05,0.190102,0.00586361,0.662977,0.477264,1.19,0.01047621,0.00018408,0.00780192,0.100869,0.01917221,0.05439,0.00492875,0.479936,0.00943583,0.0017084
21/05/2026,2111.14,648.84,85.73,1.092,0.00934654,1.74,0.061429,6.95,3.019e-05,0.191684,0.00596848,0.720099,0.457547,1.19,0.0102229,0.00016646,0.00776525,0.099965,0.01909132,0.055773,0.00505497,0.492535,0.00911823,0.00175027
22/05/2026,2119.89,654.75,86.97,1.1,0.00972494,2.21,0.064029,6.94,3.066e-05,0.214587,0.00649316,0.689992,0.465478,1.22,0.01006234,0.00014734,0.00780304,0.101543,0.01890281,0.056136,0.00504223,0.489788,0.00921273,0.00183242
23/05/2026,2027.44,639.74,81.98,1.003,0.00887894,2.07,0.058675,6.76,2.829e-05,0.192959,0.00589597,0.667284,0.458041,1.13,0.00999608,0.00014601,0.00779622,0.097823,0.01908648,0.052101,0.00594394,0.465667,0.00987928,0.00164265
24/05/2026,2119.36,657.85,86.44,1.062,0.00948525,2.37,0.061874,6.81,2.969e-05,0.214138,0.00640383,0.688634,0.49332,1.18,0.00988351,0.00016735,0.00782218,0.109177,0.01927873,0.054875,0.00578756,0.48232,0.01122534,0.00177653
25/05/2026,2113.61,660.49,85.89,1.044,0.0094083,2.45,0.062041,6.76,2.964e-05,0.213859,0.00625396,0.708927,0.495693,1.16,0.00984701,0.00018001,0.00778865,0.107783,0.01970496,0.054847,0.00564804,0.47786,0.01181322,0.00178631
27/05/2026,2077.53,653.94,83.75,0.995926,0.0088557,2.46,0.070878,6.41,2.916e-05,0.239904,0.00677183,0.693811,0.471644,1.17,0.00941217,0.0001602,0.00774159,0.101137,0.01937276,0.051664,0.00692133,0.430793,0.01132418,0.00179927
28/05/2026,1990.94,633.24,80.92,0.914486,0.00808089,2.39,0.067525,6.09,2.745e-05,0.222359,0.00576358,0.662847,0.464644,1.086,0.00900533,0.00017104,0.00750694,0.095491,0.01929362,0.04875158,0.00679551,0.411928,0.01148386,0.00166704
29/05/2026,2010.22,639.7,82.1,0.918021,0.00805585,2.5,0.067104,6.23,2.756e-05,0.239241,0.00596399,0.669277,0.465302,1.15,0.00893223,0.00019465,0.00736002,0.100562,0.01663368,0.04931461,0.00741239,0.422522,0.01158316,0.00169637
30/05/2026,2012.52,671.01,82.13,0.896338,0.00829901,2.42,0.064939,6.42,2.795e-05,0.253683,0.00590516,0.689215,0.496868,1.23,0.00861124,0.00016917,0.00731374,0.102907,0.01704293,0.050717,0.00778302,0.429941,0.01110578,0.00174549
31/05/2026,2024.56,723.6,82.82,0.90586,0.00848368,2.27,0.066972,6.68,2.88e-05,0.272309,0.00588943,0.743228,0.500588,1.18,0.00877116,0.00016494,0.00765947,0.10705,0.01660095,0.05136,0.00891108,0.420326,0.01146886,0.00178616
01/06/2026,1984.34,694.18,80.81,0.879333,0.00837564,2.36,0.066707,6.66,2.833e-05,0.271965,0.00580055,0.689324,0.489602,1.17,0.00879948,0.00018379,0.00766848,0.101915,0.01645924,0.050291,0.00875736,0.408566,0.01196008,0.00175483
02/06/2026,1978.97,678.22,79.21,0.847947,0.00812762,2.7,0.067925,6.69,2.805e-05,0.274955,0.00586837,0.685926,0.513238,1.16,0.0079603,0.00016719,0.00765591,0.101395,0.01634478,0.0495703,0.00811526,0.410463,0.01281807,0.00181525
03/06/2026,1875.6,638.29,75.14,0.831753,0.00830218,2.86,0.063917,6.39,2.734e-05,0.264832,0.00558589,0.678186,0.505877,1.16,0.00764965,0.00017903,0.00755414,0.102241,0.01665691,0.04811862,0.00835531,0.383526,0.0127352,0.00175451
04/06/2026,1756.16,593.12,68.39,0.772547,0.0073089,2.37,0.052924,5.67,2.441e-05,0.226982,0.00473878,0.658437,0.490109,0.999071,0.00752734,0.0001745,0.00744427,0.090377,0.01681257,0.0421717,0.00785976,0.346649,0.01325429,0.00165561
05/06/2026,1673.41,591.07,66.31,0.718165,0.00700887,2.03,0.04959588,5.55,2.412e-05,0.200418,0.00446914,0.660329,0.483539,0.965117,0.00766043,0.00015928,0.00736381,0.085668,0.01557081,0.03962445,0.00651347,0.319405,0.01265436,0.00154456
06/06/2026,1580.82,580.08,63.22,0.711639,0.00693127,1.93,0.04796507,5.43,2.361e-05,0.198485,0.00428951,0.613879,0.457258,0.920698,0.00705099,0.00014207,0.0072434,0.081756,0.01426276,0.03768474,0.00662607,0.296217,0.01828604,0.00142888
07/06/2026,1634.85,593.17,65.06,0.760777,0.00714746,1.91,0.050364,5.71,2.48e-05,0.20692,0.0043945,0.638754,0.470672,0.954083,0.00729876,0.00015708,0.00722207,0.083572,0.01479916,0.03845912,0.00719198,0.31195,0.01260079,0.00150609
08/06/2026,1681.85,601.99,66.68,0.758954,0.00741129,2.13,0.050243,5.75,2.501e-05,0.213683,0.00460229,0.631769,0.485193,0.962313,0.00712152,0.00014912,0.00723812,0.08333,0.01459933,0.03882675,0.00700291,0.310664,0.01432179,0.00158883
09/06/2026,1672.35,599.03,66.16,0.744867,0.00715356,2.14,0.04789685,5.59,2.415e-05,0.206073,0.00445482,0.617827,0.497982,0.928976,0.00687654,0.000147,0.00720553,0.08025,0.01487507,0.03724737,0.00669565,0.300619,0.01317366,0.00155966
10/06/2026,1624.79,584.05,63.47,0.740103,0.00764148,2.06,0.0471419,5.49,2.387e-05,0.195575,0.00438538,0.618601,0.500974,0.905832,0.0067264,0.00014151,0.00714298,0.078029,0.01510056,0.03766825,0.00677339,0.287388,0.01199734,0.00146522
11/06/2026,1660.63,598.77,65.51,0.752082,0.00762539,2.02,0.04862203,5.42,2.472e-05,0.189071,0.00442667,0.629122,0.525707,0.921468,0.00674462,0.00012904,0.00722741,0.079224,0.01427959,0.03798093,0.00676272,0.291445,0.01200945,0.00144421
12/06/2026,1673.53,605.08,66.78,0.755718,0.00760446,2.1,0.051809,5.58,2.48e-05,0.191833,0.00446619,0.626202,0.61676,0.954859,0.00670503,0.00013507,0.00723325,0.092974,0.01424829,0.04040674,0.00653366,0.290963,0.01302179,0.00148564
13/06/2026,1673.07,603.2,67.31,0.764951,0.00768202,2.02,0.054228,5.61,2.49e-05,0.190459,0.00449777,0.636055,0.584671,0.970855,0.00661302,0.00013657,0.00724361,0.089504,0.01437608,0.04101044,0.0064903,0.295802,0.01295477,0.00154013
14/06/2026,1675.39,611.77,68.34,0.759492,0.00769367,2.12,0.053415,5.59,2.499e-05,0.212607,0.00463625,0.6311,0.592846,0.956821,0.00664857,0.00013374,0.00690817,0.090788,0.01419084,0.04087884,0.00619804,0.295034,0.01340333,0.00152733
15/06/2026,1774.71,623.66,72.76,0.812677,0.00801342,2.47,0.055576,5.94,2.683e-05,0.219522,0.00509104,0.641446,0.60676,1.01,0.00694625,0.00012464,0.00726554,0.093839,0.01486,0.04270531,0.00621857,0.315034,0.01395744,0.00162078
16/06/2026,1796.23,613.35,74.59,0.794015,0.00804103,2.43,0.054107,5.89,2.641e-05,0.211899,0.00494046,0.663865,0.602821,1.003,0.0067851,0.00011815,0.00733552,0.090737,0.01466797,0.04292622,0.00583807,0.303351,0.01393008,0.00157406
17/06/2026,1764.53,602.83,71.95,0.785569,0.00813651,2.28,0.054328,5.85,2.61e-05,0.205472,0.00492681,0.657782,0.582672,0.991656,0.00653451,0.00012033,0.00732479,0.097844,0.01458583,0.04186167,0.00586678,0.295403,0.014424,0.00146775
18/06/2026,1746.62,590.24,71.41,0.750562,0.00810234,2.22,0.054397,5.76,2.589e-05,0.199358,0.00474675,0.675994,0.580697,0.973841,0.00629265,0.00013975,0.00749036,0.103125,0.01457235,0.04111067,0.00579941,0.283101,0.01605254,0.00150047
19/06/2026,1688.74,572.05,68.13,0.709804,0.0075344,2.11,0.053193,5.59,2.595e-05,0.190585,0.00467037,0.620827,0.561296,0.934867,0.00608763,0.0001391,0.00804971,0.104777,0.01398881,0.04036533,0.00579684,0.267288,0.01548005,0.00136627
20/06/2026,1727.9,587.36,71.51,0.720271,0.00739569,2.15,0.055238,6.24,2.59e-05,0.190245,0.00473472,0.648295,0.571328,1.13,0.00617738,0.00013402,0.00804834,0.122991,0.01387263,0.0402056,0.00579112,0.268381,0.01564308,0.00138175
21/06/2026,1733.53,590.69,74.08,0.711832,0.00761266,2.26,0.055132,6.05,2.588e-05,0.188402,0.00475661,0.645301,0.582776,1.14,0.00611386,0.00012793,0.00926714,0.116,0.0130691,0.04076565,0.0058142,0.272061,0.01402482,0.00150317
22/06/2026,1763.48,599.03,74.38,0.73441,0.00757313,2.18,0.055952,5.95,2.58e-05,0.187059,0.00486935,0.643018,0.576231,1.057,0.00581254,0.00012135,0.01007063,0.125221,0.01284352,0.03993352,0.00580274,0.277478,0.01418017,0.00152578
23/06/2026,1652.88,571.86,68.85,0.691972,0.00697716,1.99,0.052511,5.55,2.393e-05,0.171341,0.0045102,0.617903,0.544957,1.039,0.00570065,0.00011531,0.00980142,0.122769,0.01280205,0.03354107,0.00573339,0.247403,0.01440378,0.00138348
24/06/2026,1662.76,575.7,69.11,0.698274,0.00716021,1.96,0.052671,5.49,2.373e-05,0.173092,0.00436479,0.629215,0.541361,1.04,0.00645784,0.00010301,0.00945806,0.121098,0.01295332,0.03314392,0.00566075,0.241343,0.01588428,0.00140226
25/06/2026,1645.31,567.74,68.72,0.694578,0.00676616,1.95,0.0594,5.44,2.338e-05,0.175434,0.00413108,0.621517,0.525472,1.046,0.0064538,9.961e-05,0.00961572,0.135308,0.01249681,0.03766886,0.00553875,0.234824,0.01439376,0.00128922
26/06/2026,1551.48,564.09,68.99,0.674052,0.0066283,1.8,0.05283,5.29,2.193e-05,0.16593,0.0041316,0.618942,0.511794,0.997697,0.00680184,9.901e-05,0.00922275,0.134976,0.01174765,0.0384769,0.00554069,0.211852,0.01481587,0.00121522
27/06/2026,1577.86,563.62,71.66,0.701871,0.00671482,1.79,0.05183,5.56,2.177e-05,0.179207,0.00429383,0.62887,0.523208,0.994583,0.00629176,9.839e-05,0.00923077,0.120047,0.01241997,0.03796099,0.00558966,0.214832,0.01419475,0.00129901
28/06/2026,1577.76,555.2,71.69,0.685854,0.00667532,1.88,0.050068,5.42,2.167e-05,0.172551,0.004168,0.620206,0.513712,0.975941,0.00634925,9.859e-05,0.00922579,0.11457,0.01093719,0.03712574,0.00542804,0.225962,0.01324837,0.00144921
29/06/2026,1569.76,550.45,72.33,0.688904,0.00666218,1.83,0.04976766,5.38,2.183e-05,0.176456,0.00421322,0.631003,0.515704,0.985261,0.00617215,9.427e-05,0.00924666,0.121907,0.01096364,0.03633702,0.00554044,0.218773,0.01313751,0.00139069
30/06/2026,1581.58,549.15,73.62,0.69262,0.00663203,1.84,0.0491546,5.55,2.199e-05,0.171317,0.00421437,0.619233,0.527655,0.966124,0.0058419,9.483e-05,0.00939452,0.117212,0.01093346,0.03617778,0.00538433,0.207001,0.01324181,0.00145114
01/07/2026,1572.23,542.58,75.17,0.697008,0.00655331,1.78,0.04724645,5.38,2.151e-05,0.177379,0.0042301,0.627991,0.593681,0.990234,0.00535489,7.965e-05,0.00899103,0.109959,0.01114062,0.03499332,0.00547287,0.200329,0.01335088,0.0014232
02/07/2026,1637.99,553.98,79.3,0.735425,0.00667797,1.94,0.04786524,5.69,2.201e-05,0.178984,0.00442974,0.633715,0.617654,1.009,0.00537363,7.638e-05,0.00883616,0.119537,0.01105891,0.03715128,0.00548622,0.213304,0.0135135,0.00153368
03/07/2026,1726.9,563.16,80.91,0.740558,0.00675938,1.96,0.04939737,5.97,2.264e-05,0.1868,0.00450707,0.639308,0.631746,1.032,0.00538736,7.592e-05,0.00900023,0.124314,0.01113852,0.03611188,0.00545547,0.21457,0.01416238,0.00155317
04/07/2026,1759.68,573.52,82.0,0.755691,0.00690237,1.97,0.04941491,5.92,2.374e-05,0.184366,0.00450222,0.639867,0.65055,1.057,0.00611134,7.504e-05,0.0089851,0.125484,0.0114596,0.03694142,0.0053861,0.211924,0.01472604,0.00160278
05/07/2026,1759.94,575.53,80.12,0.742953,0.00670926,1.95,0.04846865,5.85,2.344e-05,0.176637,0.00446139,0.639516,0.62978,1.022,0.00575783,7.506e-05,0.00884317,0.132305,0.01118892,0.03648865,0.0055206,0.20543,0.01423232,0.00152422
06/07/2026,1768.19,579.29,80.63,0.742827,0.006826,2.03,0.04940766,5.86,2.334e-05,0.171105,0.00466294,0.636284,0.628829,1.005,0.00548735,7.641e-05,0.00880073,0.142179,0.01126512,0.03537423,0.00538619,0.210444,0.01404153,0.00160915
07/07/2026,1779.92,578.4,81.31,0.741991,0.00677452,2.01,0.04961663,5.91,2.314e-05,0.167564,0.00453681,0.636606,0.624038,1.005,0.00554612,7.555e-05,0.00875963,0.135893,0.01135748,0.03504999,0.0052516,0.205088,0.01453138,0.00166475
08/07/2026,1730.36,560.62,77.1,0.700793,0.00651833,1.87,0.0461225,5.67,2.222e-05,0.157365,0.00419354,0.613685,0.602101,0.963607,0.00546626,7.45e-05,0.00869187,0.127869,0.01397115,0.03295886,0.00533278,0.187999,0.01520513,0.0014783
09/07/2026,1752.07,570.87,78.0,0.722224,0.00653427,1.91,0.04771771,5.87,2.285e-05,0.159329,0.00428597,0.623636,0.607254,1.007,0.00547988,6.033e-05,0.00869032,0.12665,0.01052419,0.03296204,0.00537552,0.193279,0.01652161,0.00151807
10/07/2026,1789.46,575.39,79.13,0.729927,0.00674328,1.94,0.050263,6.21,2.297e-05,0.162597,0.00433483,0.632201,0.612759,1.012,0.00550763,5.577e-05,0.00889678,0.126036,0.0102751,0.03414652,0.00528235,0.194347,0.01661424,0.00150684
11/07/2026,1801.17,578.28,78.03,0.74529,0.00658274,1.88,0.04994612,5.98,2.32e-05,0.161228,0.00440411,0.62809,0.616364,1.011,0.0055181,5.928e-05,0.00916313,0.123894,0.01029985,0.03394591,0.00527167,0.194177,0.01664113,0.00143331
12/07/2026,1803.84,573.29,76.65,0.740406,0.0064694,1.88,0.04917024,5.9,2.278e-05,0.160211,0.00440266,0.621196,0.612844,0.998209,0.0054968,5.644e-05,0.00891855,0.120232,0.01051918,0.03508679,0.00539416,0.188672,0.01742331,0.0013973
13/07/2026,1780.75,569.24,76.21,0.731544,0.00637326,1.91,0.04823905,5.65,2.211e-05,0.159987,0.00431668,0.622823,0.604531,0.984545,0.00531728,5.478e-05,0.00950104,0.121258,0.01086446,0.03292739,0.00536952,0.178064,0.01669927,0.00149798
14/07/2026,1783.88,570.12,75.08,0.730738,0.00619165,1.99,0.04766082,5.72,2.186e-05,0.160461,0.00421552,0.62974,0.60046,0.976866,0.00533148,5.006e-05,0.00941972,0.072356,0.01043035,0.03256549,0.00538562,0.173947,0.0169042,0.00145077
15/07/2026,1878.69,576.6,77.54,0.753252,0.00625442,2.02,0.04801413,5.91,2.234e-05,0.160518,0.00443347,0.638571,0.62513,0.99578,0.00531061,4.171e-05,0.00937174,0.073877,0.01056681,0.03352574,0.00541572,0.187858,0.01709858,0.0016593
16/07/2026,1885.42,576.54,76.1,0.739395,0.00638256,2.03,0.04777556,6.0,2.195e-05,0.158501,0.00435818,0.625877,0.623727,1.006,0.00476553,4.333e-05,0.00837433,0.076277,0.01060828,0.03338449,0.00542352,0.184176,0.01310915,0.00162058
17/07/2026,1829.32,564.23,74.48,0.729088,0.00670247,1.9,0.04662658,5.86,2.156e-05,0.157816,0.00436008,0.612329,0.609532,0.945354,0.0057239,4.319e-05,0.00831017,0.0989,0.01064843,0.03176939,0.00541026,0.178997,0.01203401,0.00163173
18/07/2026,1846.31,567.84,74.93,0.738421,0.00641906,1.92,0.04681808,6.22,2.118e-05,0.158328,0.00441929,0.620871,0.611938,0.932325,0.00494714,4.547e-05,0.00880674,0.079448,0.01069489,0.03084996,0.00543654,0.178297,0.01186114,0.00164775
19/07/2026,1872.22,568.38,76.19,0.746742,0.00633217,1.94,0.04655823,6.37,2.122e-05,0.157457,0.00464567,0.623193,0.606053,0.930185,0.00503172,4.937e-05,0.00885265,0.075022,0.01077329,0.03146268,0.00546264,0.169194,0.01117577,0.00164984
20/07/2026,1864.44,566.06,76.53,0.740364,0.00671547,1.93,0.04608596,6.51,2.112e-05,0.152401,0.00483473,0.619856,0.598804,0.926218,0.00513624,5.79e-05,0.00879527,0.070029,0.01024538,0.03037059,0.00544803,0.1682,0.01188162,0.00198374
21/07/2026,1937.41,577.58,78.19,0.772519,0.00652915,2.0,0.04733879,6.54,2.161e-05,0.159012,0.00457103,0.628877,0.560674,0.928683,0.00501884,4.676e-05,0.00888018,0.068783,0.01037951,0.0313221,0.00547396,0.182924,0.01229159,0.00199849
22/07/2026,1923.67,569.63,77.35,0.758984,0.00646873,1.88,0.04604592,6.48,2.137e-05,0.154488,0.00458321,0.623822,0.556766,0.923373,0.00488989,4.787e-05,0.00882659,0.066654,0.01016426,0.03119532,0.00540106,0.181261,0.01190158,0.00196492
23/07/2026,1928.6,570.15,77.51,0.773455,0.00659719,1.87,0.04633792,6.71,2.151e-05,0.15495,0.00465742,0.626217,0.559273,0.909452,0.00474872,4.331e-05,0.01127366,0.066496,0.01016313,0.03109971,0.00535592,0.185176,0.01230406,0.00189821
24/07/2026,1883.59,567.04,75.55,0.737428,0.00638918,1.91,0.04573882,7.17,2.114e-05,0.155644,0.00451492,0.627062,0.545645,0.897839,0.00467203,4.038e-05,0.01007442,0.068449,0.01066239,0.03080479,0.00537996,0.175139,0.01191477,0.00183629
25/07/2026,1851.52,564.24,73.7,0.702578,0.00622054,1.78,0.04388223,6.66,2.092e-05,0.150217,0.0042964,0.623173,0.531097,0.892214,0.00474187,4.584e-05,0.00956047,0.074967,0.01103453,0.03010199,0.00530358,0.16971,0.01192792,0.00176903
26/07/2026,1881.92,571.85,75.04,0.718232,0.00622243,1.8,0.04488542,6.64,2.246e-05,0.158979,0.00437009,0.627624,0.536742,0.892955,0.00476567,4.587e-05,0.00956612,0.069263,0.01095117,0.03088903,0.00529136,0.17345,0.01224941,0.00181749
27/07/2026,1965.3,572.13,76.51,0.717818,0.00620314,1.84,0.04524116,6.93,2.202e-05,0.156188,0.00430317,0.627129,0.533464,0.880417,0.00473247,3.701e-05,0.0096758,0.066866,0.01102844,0.03070361,0.00528389,0.173806,0.01217473,0.00206544
28/07/2026,1880.95,565.6,73.33,0.681499,0.00587813,1.68,0.04320895,6.58,2.073e-05,0.140724,0.00397331,0.622575,0.489198,0.84085,0.00478637,3.968e-05,0.00950633,0.06701,0.01082011,0.02808382,0.00525915,0.173131,0.0123643,0.00204987
29/07/2026,1918.22,570.92,74.03,0.689348,0.00542068,1.6,0.04227305,6.72,2.065e-05,0.133093,0.00391978,0.603079,0.490762,0.815995,0.00472432,3.741e-05,0.00890841,0.071877,0.01092199,0.02708048,0.00533898,0.149498,0.01214903,0.00188353
30/07/2026,1916.39,577.74,73.93,0.688053,0.00534031,1.64,0.04176023,6.49,2.035e-05,0.138934,0.00387631,0.599372,0.496088,0.823687,0.00461992,3.672e-05,0.00875975,0.069328,0.01088616,0.02727627,0.00531014,0.146928,0.01212797,0.00189756
31/07/2026,1882.52,589.74,73.42,0.687155,0.00523093,1.64,0.04170555,6.12,2.037e-05,0.141483,0.00388477,0.599093,0.490605,0.830564,0.00467308,3.746e-05,0.00887387,0.073203,0.01093643,0.02748983,0.00543481,0.147795,0.01085982,0.00198788
01/08/2026,1867.55,585.46,72.98,0.684178,0.00542511,1.65,0.0415244,6.04,2.052e-05,0.14202,0.00386795,0.59904,0.493765,0.842848,0.0046881,4.006e-05,0.0087656,0.075923,0.01096291,0.02845421,0.00542707,0.143155,0.01160341,0.00218152
02/08/2026,1864.58,582.41,73.05,0.687685,0.00531032,1.71,0.04151248,6.18,2.045e-05,0.141948,0.00388156,0.602236,0.494698,0.824569,0.00444307,3.808e-05,0.00872671,0.075666,0.01085596,0.02707924,0.00547437,0.144173,0.01156698,0.00218162
03/08/2026,1846.1,586.52,72.52,0.684608,0.00561342,1.72,0.0412352,6.1,2.031e-05,0.139432,0.00380086,0.600534,0.488655,0.820817,0.00438807,3.579e-05,0.00878194,0.074076,0.01088038,0.02648122,0.00539448,0.138548,0.0114872,0.00211305
04/08/2026,1854.19,588.44,73.16,0.690939,0.00532724,1.74,0.04128951,6.18,2.044e-05,0.14526,0.00389575,0.607844,0.494014,0.826328,0.00435724,3.758e-05,0.00876326,0.075713,0.01113526,0.02677068,0.0053831,0.143339,0.01249407,0.00222111
05/08/2026,1870.12,598.44,74.08,0.691519,0.00534965,1.71,0.0414943,6.22,2.053e-05,0.151749,0.00396089,0.604445,0.496055,0.846661,0.00416564,3.738e-05,0.00888951,0.075581,0.01104537,0.0272909,0.0055469,0.139529,0.01224883,0.00251076
06/08/2026,1905.32,593.82,73.38,0.677239,0.005397,1.68,0.04094534,6.33,2.056e-05,0.139221,0.00397597,0.604977,0.495785,0.885141,0.0040057,3.817e-05,0.00894462,0.074014,0.01101082,0.02755509,0.00568515,0.143207,0.01248942,0.00233177
07/08/2026,1901.76,585.39,72.89,0.673005,0.00546589,1.65,0.04118968,6.4,2.082e-05,0.131909,0.0040536,0.602045,0.503046,0.895348,0.00400359,3.936e-05,0.00903454,0.076615,0.01071614,0.02856904,0.00570079,0.142021,0.01253484,0.0022816
08/08/2026,1913.11,594.45,74.66,0.682085,0.00553119,1.58,0.04106964,6.52,2.106e-05,0.137956,0.00419842,0.600203,0.506921,0.89478,0.00392602,3.879e-05,0.00895534,0.078659,0.01158726,0.03269739,0.00604988,0.152664,0.02001191,0.0022756
09/08/2026,1916.02,602.67,76.19,0.691526,0.00567231,1.63,0.04174018,6.43,2.106e-05,0.136178,0.00413739,0.600837,0.516257,0.912303,0.00492339,4.058e-05,0.00893774,0.078451,0.01190896,0.03211859,0.00614375,0.152723,0.0211604,0.0024965
10/08/2026,1926.03,604.3,76.93,0.695189,0.00564474,1.66,0.04192891,6.3,2.147e-05,0.138426,0.00415455,0.611684,0.530085,0.8972,0.00457405,4.334e-05,0.00891419,0.077835,0.01149175,0.03092936,0.00619668,0.15223,0.01565853,0.0027708
11/08/2026,1876.36,602.3,75.65,0.687115,0.00542141,1.6,0.04069215,6.43,2.081e-05,0.133224,0.00393978,0.601692,0.530665,0.902041,0.00435775,5.355e-05,0.00889068,0.076156,0.01172003,0.02998725,0.00656026,0.162046,0.02589788,0.00282043
12/08/2026,1893.41,611.53,76.35,0.690669,0.0053015,1.65,0.03997501,6.34,2.045e-05,0.134918,0.0040359,0.603408,0.528417,0.899249,0.00419637,5.466e-05,0.00823547,0.076673,0.01155498,0.0304446,0.00643646,0.156021,0.01283655,0.00266228
13/08/2026,1893.37,612.84,76.33,0.689383,0.00510206,1.67,0.04146708,6.59,2.045e-05,0.135625,0.00386941,0.604387,0.525639,0.860803,0.00408105,4.894e-05,0.00840493,0.07926,0.01155551,0.03016746,0.00657036,0.157208,0.01254758,0.00278689
14/08/2026,1872.63,606.9,75.53,0.678918,0.00497531,1.6,0.040271,6.76,2.02e-05,0.136495,0.0037983,0.600998,0.523103,0.851969,0.00405941,4.94e-05,0.00852509,0.077379,0.01248067,0.02943378,0.00665986,0.158993,0.01383357,0.00287275
15/08/2026,1879.74,610.64,75.28,0.682389,0.00494838,1.63,0.04002985,6.66,2.032e-05,0.132875,0.00379573,0.602174,0.523992,0.88168,0.00402525,4.646e-05,0.00849088,0.080998,0.01167598,0.03040988,0.00685293,0.159284,0.012896,0.00277214
16/08/2026,1879.16,605.16,75.39,0.676026,0.00492556,1.61,0.0399169,6.63,2.031e-05,0.124222,0.00375562,0.599646,0.519205,0.86443,0.0040417,4.409e-05,0.00870485,0.081855,0.01174801,0.02977193,0.00690863,0.162063,0.01204029,0.00277176
17/08/2026,1901.15,604.89,75.79,0.678095,0.00487268,1.64,0.03973821,6.82,2.031e-05,0.120663,0.0038678,0.599638,0.509022,0.866092,0.00398825,4.493e-05,0.00875227,0.08463,0.01141029,0.02957689,0.00690398,0.15754,0.01281549,0.00297543
18/08/2026,1899.09,603.31,76.03,0.646552,0.00464485,1.64,0.03887904,6.51,1.996e-05,0.122335,0.0037988,0.603765,0.501019,0.84221,0.00398786,4.242e-05,0.00846113,0.08145,0.01151936,0.02912335,0.00684349,0.148033,0.01277767,0.00279268
19/08/2026,1916.8,601.78,76.94,0.656016,0.00458361,1.61,0.03862782,6.45,1.995e-05,0.121024,0.00375838,0.600829,0.501285,0.85405,0.00400582,4.225e-05,0.00849875,0.083487,0.01160057,0.02896018,0.00670905,0.137698,0.01295439,0.00298012
20/08/2026,2247.84,628.48,85.86,0.700194,0.00495932,1.73,0.0413958,6.86,2.208e-05,0.129675,0.00401524,0.658388,0.520193,0.90236,0.00405874,3.846e-05,0.00980667,0.084778,0.01207259,0.03088356,0.00649653,0.1492,0.01305803,0.00321289
21/08/2026,2384.25,671.21,90.2,0.774218,0.0045288,1.86,0.04498536,7.1,2.511e-05,0.149362,0.00430541,0.67605,0.532554,0.986729,0.00410471,4.517e-05,0.01122965,0.086144,0.01367219,0.03264712,0.00642899,0.165294,0.01270162,0.00390956
22/08/2026,2435.1,702.47,94.64,0.868617,0.00473876,1.99,0.04801738,7.36,2.863e-05,0.168201,0.00480728,0.677182,0.542921,1.017,0.00410279,4.888e-05,0.01100516,0.090079,0.01538324,0.03559814,0.00639975,0.166778,0.01278746,0.00462379
23/08/2026,2393.49,687.58,92.72,0.793226,0.00432589,1.86,0.04525754,7.28,2.6e-05,0.156313,0.00446898,0.643566,0.530432,0.95303,0.00402735,4.522e-05,0.01072358,0.090087,0.01487088,0.03144058,0.00652415,0.15505,0.01248375,0.0053078
24/08/2026,2458.31,699.72,94.21,0.817219,0.00422893,2.0,0.04662128,7.6,2.712e-05,0.164587,0.00479096,0.693109,0.544035,0.975813,0.00416574,4.401e-05,0.0104406,0.088017,0.01608655,0.03172934,0.0060372,0.160001,0.01256007,0.00496805
25/08/2026,2500.89,710.22,101.49,0.818325,0.00426198,1.95,0.04815312,7.36,2.749e-05,0.176241,0.00519089,0.701531,0.541472,0.981128,0.00403412,4.087e-05,0.01054263,0.091143,0.01523704,0.0329385,0.00607421,0.167277,0.01334488,0.00484775
26/08/2026,2464.09,698.6,97.01,0.763918,0.00414866,1.86,0.04643399,7.46,2.627e-05,0.168617,0.00496155,0.701582,0.540324,0.942113,0.00407833,5.851e-05,0.01033713,0.088614,0.01851923,0.03198702,0.00603725,0.159657,0.01324657,0.00486266
27/08/2026,2508.14,706.3,103.83,0.761007,0.00413915,1.9,0.04744993,7.5,2.649e-05,0.164887,0.00494793,0.708094,0.54036,0.937986,0.00410083,5.532e-05,0.01242396,0.086957,0.02001736,0.03352748,0.00610589,0.160527,0.01214048,0.00480116
28/08/2026,2498.14,708.83,106.54,0.763677,0.00463798,1.87,0.04730019,7.81,2.63e-05,0.162295,0.00482899,0.696656,0.532174,0.92682,0.00430603,8.994e-05,0.01191664,0.085143,0.02007973,0.03304116,0.00603105,0.159854,0.01206174,0.00466568
29/08/2026,2437.43,688.98,103.55,0.736342,0.00424545,1.8,0.04580029,7.78,2.519e-05,0.146983,0.00478678,0.695907,0.52517,0.892987,0.00404948,5.332e-05,0.01421654,0.084464,0.02192052,0.03353594,0.00614684,0.161372,0.0129497,0.00465448
30/08/2026,2456.06,693.41,104.87,0.741293,0.00429358,1.89,0.04539743,7.71,2.512e-05,0.152853,0.00493104,0.697128,0.529076,0.904859,0.00402376,5.489e-05,0.01326161,0.087723,0.02118087,0.03439337,0.00609568,0.160768,0.01351048,0.00486879
31/08/2026,2452.24,688.48,103.59,0.726841,0.00428767,1.88,0.04458954,7.52,2.428e-05,0.151571,0.00499406,0.696264,0.510564,0.908354,0.00391509,5.044e-05,0.01537752,0.087825,0.02015784,0.03548297,0.00590699,0.218857,0.01270536,0.00436963
01/09/2026,2460.2,687.74,102.57,0.72753,0.00438548,1.94,0.04517839,7.35,2.445e-05,0.153528,0.00477595,0.701974,0.524726,0.917076,0.00377217,5.958e-05,0.01435348,0.087624,0.01806273,0.03520917,0.00578536,0.224635,0.0121379,0.00441349
02/09/2026,2372.04,682.32,98.46,0.714106,0.00423209,1.84,0.04662276,7.06,2.361e-05,0.151305,0.00454193,0.69708,0.516259,0.913119,0.00371065,7.027e-05,0.01373701,0.084961,0.01686376,0.03564942,0.00580965,0.185104,0.01282329,0.00419854
03/09/2026,2396.42,704.0,100.26,0.763329,0.00440111,1.88,0.0478173,7.24,2.456e-05,0.15378,0.00467117,0.726178,0.516559,0.92261,0.00372605,7.791e-05,0.01361011,0.084973,0.0174084,0.03506924,0.00488691,0.183037,0.01271089,0.00436935
04/09/2026,2520.15,717.5,103.84,0.773652,0.0044317,2.02,0.04853145,7.37,2.663e-05,0.157319,0.00466901,0.746407,0.514535,0.935314,0.00383297,8.049e-05,0.0163665,0.084442,0.01839027,0.0344485,0.00553308,0.187436,0.01260611,0.00424652
05/09/2026,2458.75,748.71,102.58,0.786464,0.00443686,2.22,0.0477251,7.44,2.653e-05,0.165047,0.00461004,0.753562,0.478502,0.944121,0.00369939,7.418e-05,0.01514631,0.084579,0.01867089,0.03494754,0.00554273,0.197285,0.01246997,0.00419364
06/09/2026,2497.02,756.94,106.52,0.801482,0.00441247,2.39,0.04861119,8.06,2.637e-05,0.167622,0.00473975,0.780286,0.495369,0.957131,0.0037385,7.618e-05,0.01487654,0.083999,0.01903347,0.03600351,0.00559905,0.195832,0.01229412,0.00400402
07/09/2026,2485.51,743.17,104.86,0.803123,0.00453729,2.38,0.04883469,8.05,2.592e-05,0.17186,0.00468813,0.782114,0.486662,0.953295,0.00362784,7.865e-05,0.01445947,0.082685,0.01914057,0.03660598,0.00568216,0.19216,0.01231228,0.0040745
08/09/2026,2488.86,755.31,103.65,0.827913,0.00463052,2.33,0.04965337,8.41,2.656e-05,0.184831,0.0049236,0.76745,0.486569,0.974357,0.0034622,7.73e-05,0.01370775,0.083231,0.01873536,0.03774852,0.00595109,0.196651,0.01116237,0.00436451
09/09/2026,2491.04,750.33,103.84,0.810049,0.00434999,2.48,0.04973754,8.33,2.614e-05,0.176551,0.00496015,0.753047,0.485723,0.957759,0.00342109,7.864e-05,0.01431897,0.082839,0.0188787,0.03664313,0.00553407,0.197793,0.01132817,0.00451225
10/09/2026,2468.93,717.66,101.12,0.761036,0.00391598,2.4,0.04602282,7.61,2.433e-05,0.165909,0.00458209,0.710705,0.463499,0.91119,0.00340919,7.739e-05,0.01424552,0.07498,0.01851007,0.03483329,0.00593781,0.186724,0.01066986,0.0039755
11/09/2026,2468.49,714.14,99.53,0.730853,0.00400866,2.48,0.04430633,7.52,2.406e-05,0.163927,0.00448139,0.699953,0.441897,0.911567,0.00325507,8.174e-05,0.01432457,0.073699,0.01759277,0.03451519,0.00588767,0.194651,0.01113198,0.00365757
12/09/2026,2531.92,735.2,102.01,0.725457,0.00409062,2.36,0.04483784,7.76,2.492e-05,0.170227,0.00466614,0.684381,0.43294,0.924595,0.00301053,9.011e-05,0.01487407,0.074993,0.01952807,0.03547655,0.00578248,0.190883,0.01162258,0.00356975
13/09/2026,2476.82,715.0,99.61,0.709759,0.00414985,2.31,0.0442909,7.75,2.441e-05,0.164897,0.00473802,0.68636,0.432956,0.942534,0.00313198,8.142e-05,0.01515393,0.07403,0.01935482,0.03649141,0.00571218,0.200153,0.01151753,0.0036997
14/09/2026,2511.72,721.28,101.58,0.722146,0.00420419,2.41,0.04473278,7.8,2.478e-05,0.168476,0.00457684,0.698152,0.42319,0.941854,0.00295214,7.713e-05,0.01461383,0.075404,0.01944302,0.0368348,0.00583094,0.199577,0.01168312,0.00361263
15/09/2026,2474.58,717.98,100.8,0.709848,0.00403489,2.39,0.043695,7.34,2.419e-05,0.157845,0.00439009,0.68759,0.416551,0.928548,0.00359937,9.406e-05,0.01436314,0.072742,0.0190437,0.03635076,0.00578995,0.189375,0.01180116,0.0036135
16/09/2026,2400.46,710.97,97.24,0.688896,0.00398158,2.42,0.04179885,6.98,2.317e-05,0.150793,0.00417414,0.670877,0.403442,0.899418,0.00311645,8.306e-05,0.01372785,0.071263,0.02014671,0.03428627,0.00590898,0.18386,0.01109568,0.00361514
17/09/2026,2432.66,722.89,99.78,0.717548,0.00397923,2.83,0.04332174,7.22,2.38e-05,0.15724,0.00434652,0.732646,0.409422,0.929779,0.00293675,0.00011671,0.01385569,0.072011,0.01994075,0.03448632,0.0059598,0.203218,0.01101995,0.00388332
18/09/2026,2510.77,749.07,106.21,0.79604,0.00412879,3.52,0.04706377,7.58,2.515e-05,0.187789,0.00476686,0.755209,0.421892,1.002,0.00284273,9.696e-05,0.01379252,0.075702,0.02032432,0.03689849,0.00602099,0.209979,0.01100898,0.00423414
19/09/2026,2642.03,766.7,111.87,0.834883,0.00444041,3.68,0.04821705,7.74,2.588e-05,0.18208,0.00506582,0.759161,0.434515,1.008,0.00291537,8.689e-05,0.01419627,0.077365,0.02067649,0.03799725,0.00597201,0.214536,0.01161754,0.00414039
20/09/2026,2575.56,749.95,108.1,0.816297,0.00423112,3.54,0.04751778,7.5,2.52e-05,0.168141,0.00513968,0.734475,0.431597,0.989541,0.00280863,8.535e-05,0.01406329,0.07541,0.02050378,0.03712093,0.00626362,0.212875,0.01138167,0.00393109
21/09/2026,2720.39,788.59,116.35,1.025,0.0044413,4.19,0.062737,8.04,2.741e-05,0.195421,0.00553101,0.762502,0.439445,1.068,0.002874,8.373e-05,0.01361291,0.084228,0.01965253,0.03969015,0.00619322,0.234198,0.01131493,0.00442456
22/09/2026,2735.79,786.06,116.44,1.008,0.00440212,4.42,0.061472,8.0,2.922e-05,0.205529,0.0054817,0.718113,0.464159,1.053,0.0029101,7.971e-05,0.01349118,0.083031,0.02009478,0.04631868,0.00598211,0.227432,0.01093759,0.00453666
23/09/2026,2727.56,781.84,117.01,1.009,0.00456001,4.53,0.060949,8.38,2.961e-05,0.206407,0.00602541,0.719072,0.48324,1.15,0.0033795,8.776e-05,0.01315327,0.085515,0.02078849,0.04369648,0.00597308,0.26406,0.01147161,0.00426703
24/09/2026,2641.81,767.24,113.33,0.940922,0.00436409,4.18,0.05741,7.91,2.709e-05,0.19585,0.00559719,0.696522,0.462189,1.02,0.00315942,8.523e-05,0.01213838,0.080377,0.02090939,0.0417318,0.00579747,0.245013,0.01073314,0.00380659
25/09/2026,2714.01,776.64,118.88,1.059,0.0047116,4.99,0.06615,8.18,2.852e-05,0.237597,0.00596188,0.730704,0.472738,1.16,0.00328762,8.731e-05,0.01199321,0.086046,0.02012998,0.04341381,0.00590287,0.255048,0.01099768,0.0041692
26/09/2026,2687.71,773.12,120.44,1.19,0.00481553,4.92,0.073561,8.23,2.873e-05,0.24212,0.0065406,0.734092,0.489583,1.2,0.00322305,9.975e-05,0.01227622,0.091035,0.02122329,0.04374827,0.00590299,0.265346,0.01076729,0.00446098
27/09/2026,2709.03,778.59,123.94,1.25,0.00483299,5.2,0.074782,8.4,2.889e-05,0.245221,0.0063247,0.737788,0.499305,1.18,0.00317188,9.964e-05,0.01527538,0.094474,0.02175606,0.04384956,0.00584277,0.262305,0.01047493,0.00446945
28/09/2026,2686.07,768.49,119.66,1.2,0.00465248,5.17,0.082584,7.88,2.777e-05,0.234621,0.00615432,0.708583,0.469761,1.12,0.00307867,0.00011486,0.01520236,0.086675,0.02189079,0.04214426,0.00589215,0.253717,0.01057834,0.00508748
29/09/2026,2687.48,757.54,119.04,1.16,0.0044338,4.95,0.073833,7.88,2.767e-05,0.228822,0.00612612,0.72691,0.479599,1.15,0.00298258,0.00010102,0.01576303,0.08696,0.02249656,0.04211937,0.00598505,0.329915,0.01053893,0.00586462
30/09/2026,2691.8,768.58,119.38,1.15,0.00449307,5.27,0.073769,8.0,2.811e-05,0.218525,0.00603317,0.7648,0.503467,1.17,0.00302498,0.00010137,0.01518053,0.086633,0.02192955,0.04299375,0.0059336,0.335309,0.00995004,0.00573377
